region,provincia,comuna,zona_termica,condicion_meridiano_oeste,condicion_altitud_msnm,zonas_en_la_comuna,tipo_particion,fuente
Arica y Parinacota,Arica,Arica,A,,< 1.100,3,altitud,"Ditec Minvu, Zonificación térmica por comuna (NCh1079), minvu.gob.cl/wp-content/uploads/2023/04/Zonas-Termicas-DITEC.pdf"
Arica y Parinacota,Arica,Arica,B,,1.100 ≤ altitud < 3.000,3,altitud,"Ditec Minvu, Zonificación térmica por comuna (NCh1079), minvu.gob.cl/wp-content/uploads/2023/04/Zonas-Termicas-DITEC.pdf"
Arica y Parinacota,Arica,Arica,H,,≥ 3.000,3,altitud,"Ditec Minvu, Zonificación térmica por comuna (NCh1079), minvu.gob.cl/wp-content/uploads/2023/04/Zonas-Termicas-DITEC.pdf"
Arica y Parinacota,Arica,Camarones,A,,< 1.100,3,altitud,"Ditec Minvu, Zonificación térmica por comuna (NCh1079), minvu.gob.cl/wp-content/uploads/2023/04/Zonas-Termicas-DITEC.pdf"
Arica y Parinacota,Arica,Camarones,B,,1.100 ≤ altitud < 3.000,3,altitud,"Ditec Minvu, Zonificación térmica por comuna (NCh1079), minvu.gob.cl/wp-content/uploads/2023/04/Zonas-Termicas-DITEC.pdf"
Arica y Parinacota,Arica,Camarones,H,,≥ 3.000,3,altitud,"Ditec Minvu, Zonificación térmica por comuna (NCh1079), minvu.gob.cl/wp-content/uploads/2023/04/Zonas-Termicas-DITEC.pdf"
Arica y Parinacota,Parinacota,Putre,H,,≥ 3.000,1,ninguna,"Ditec Minvu, Zonificación térmica por comuna (NCh1079), minvu.gob.cl/wp-content/uploads/2023/04/Zonas-Termicas-DITEC.pdf"
Arica y Parinacota,Parinacota,General Lagos,H,,≥ 3.000,1,ninguna,"Ditec Minvu, Zonificación térmica por comuna (NCh1079), minvu.gob.cl/wp-content/uploads/2023/04/Zonas-Termicas-DITEC.pdf"
Tarapacá,Iquique,Iquique,A,,,1,ninguna,"Ditec Minvu, Zonificación térmica por comuna (NCh1079), minvu.gob.cl/wp-content/uploads/2023/04/Zonas-Termicas-DITEC.pdf"
Tarapacá,Tamarugal,Camiña,B,,1.100 ≤ altitud < 3.000,2,altitud,"Ditec Minvu, Zonificación térmica por comuna (NCh1079), minvu.gob.cl/wp-content/uploads/2023/04/Zonas-Termicas-DITEC.pdf"
Tarapacá,Tamarugal,Camiña,H,,≥ 3.000,2,altitud,"Ditec Minvu, Zonificación térmica por comuna (NCh1079), minvu.gob.cl/wp-content/uploads/2023/04/Zonas-Termicas-DITEC.pdf"
Tarapacá,Tamarugal,Colchane,H,,,1,ninguna,"Ditec Minvu, Zonificación térmica por comuna (NCh1079), minvu.gob.cl/wp-content/uploads/2023/04/Zonas-Termicas-DITEC.pdf"
Tarapacá,Tamarugal,Huara,A,,< 1.100,3,altitud,"Ditec Minvu, Zonificación térmica por comuna (NCh1079), minvu.gob.cl/wp-content/uploads/2023/04/Zonas-Termicas-DITEC.pdf"
Tarapacá,Tamarugal,Huara,B,,1.100 ≤ altitud < 3.000,3,altitud,"Ditec Minvu, Zonificación térmica por comuna (NCh1079), minvu.gob.cl/wp-content/uploads/2023/04/Zonas-Termicas-DITEC.pdf"
Tarapacá,Tamarugal,Huara,H,,≥ 3.000,3,altitud,"Ditec Minvu, Zonificación térmica por comuna (NCh1079), minvu.gob.cl/wp-content/uploads/2023/04/Zonas-Termicas-DITEC.pdf"
Tarapacá,Tamarugal,Pica,B,,< 3.000,2,altitud,"Ditec Minvu, Zonificación térmica por comuna (NCh1079), minvu.gob.cl/wp-content/uploads/2023/04/Zonas-Termicas-DITEC.pdf"
Tarapacá,Tamarugal,Pica,H,,≥ 3.000,2,altitud,"Ditec Minvu, Zonificación térmica por comuna (NCh1079), minvu.gob.cl/wp-content/uploads/2023/04/Zonas-Termicas-DITEC.pdf"
Tarapacá,Tamarugal,Pozo Almonte,B,,< 3.000,2,altitud,"Ditec Minvu, Zonificación térmica por comuna (NCh1079), minvu.gob.cl/wp-content/uploads/2023/04/Zonas-Termicas-DITEC.pdf"
Tarapacá,Tamarugal,Pozo Almonte,H,,≥ 3.000,2,altitud,"Ditec Minvu, Zonificación térmica por comuna (NCh1079), minvu.gob.cl/wp-content/uploads/2023/04/Zonas-Termicas-DITEC.pdf"
Tarapacá,Iquique,Alto Hospicio,A,,,1,ninguna,"Ditec Minvu, Zonificación térmica por comuna (NCh1079), minvu.gob.cl/wp-content/uploads/2023/04/Zonas-Termicas-DITEC.pdf"
Antofagasta,Antofagasta,Antofagasta,A,≥ 70°,,3,meridiano y altitud,"Ditec Minvu, Zonificación térmica por comuna (NCh1079), minvu.gob.cl/wp-content/uploads/2023/04/Zonas-Termicas-DITEC.pdf"
Antofagasta,Antofagasta,Antofagasta,B,< 70°,< 3.000,3,meridiano y altitud,"Ditec Minvu, Zonificación térmica por comuna (NCh1079), minvu.gob.cl/wp-content/uploads/2023/04/Zonas-Termicas-DITEC.pdf"
Antofagasta,Antofagasta,Antofagasta,H,,≥ 3.000,3,meridiano y altitud,"Ditec Minvu, Zonificación térmica por comuna (NCh1079), minvu.gob.cl/wp-content/uploads/2023/04/Zonas-Termicas-DITEC.pdf"
Antofagasta,Antofagasta,Mejillones,A,,,1,ninguna,"Ditec Minvu, Zonificación térmica por comuna (NCh1079), minvu.gob.cl/wp-content/uploads/2023/04/Zonas-Termicas-DITEC.pdf"
Antofagasta,Antofagasta,Sierra Gorda,B,,,1,ninguna,"Ditec Minvu, Zonificación térmica por comuna (NCh1079), minvu.gob.cl/wp-content/uploads/2023/04/Zonas-Termicas-DITEC.pdf"
Antofagasta,Antofagasta,Taltal,A,≥ 70°,,3,meridiano y altitud,"Ditec Minvu, Zonificación térmica por comuna (NCh1079), minvu.gob.cl/wp-content/uploads/2023/04/Zonas-Termicas-DITEC.pdf"
Antofagasta,Antofagasta,Taltal,B,< 70°,< 3.000,3,meridiano y altitud,"Ditec Minvu, Zonificación térmica por comuna (NCh1079), minvu.gob.cl/wp-content/uploads/2023/04/Zonas-Termicas-DITEC.pdf"
Antofagasta,Antofagasta,Taltal,H,,≥ 3.000,3,meridiano y altitud,"Ditec Minvu, Zonificación térmica por comuna (NCh1079), minvu.gob.cl/wp-content/uploads/2023/04/Zonas-Termicas-DITEC.pdf"
Antofagasta,El Loa,Calama,B,,< 3.000,2,altitud,"Ditec Minvu, Zonificación térmica por comuna (NCh1079), minvu.gob.cl/wp-content/uploads/2023/04/Zonas-Termicas-DITEC.pdf"
Antofagasta,El Loa,Calama,H,,≥ 3.000,2,altitud,"Ditec Minvu, Zonificación térmica por comuna (NCh1079), minvu.gob.cl/wp-content/uploads/2023/04/Zonas-Termicas-DITEC.pdf"
Antofagasta,El Loa,Ollagüe,H,,,1,ninguna,"Ditec Minvu, Zonificación térmica por comuna (NCh1079), minvu.gob.cl/wp-content/uploads/2023/04/Zonas-Termicas-DITEC.pdf"
Antofagasta,El Loa,San Pedro de Atacama,B,,< 3.000,2,altitud,"Ditec Minvu, Zonificación térmica por comuna (NCh1079), minvu.gob.cl/wp-content/uploads/2023/04/Zonas-Termicas-DITEC.pdf"
Antofagasta,El Loa,San Pedro de Atacama,H,,≥ 3.000,2,altitud,"Ditec Minvu, Zonificación térmica por comuna (NCh1079), minvu.gob.cl/wp-content/uploads/2023/04/Zonas-Termicas-DITEC.pdf"
Antofagasta,Tocopilla,Tocopilla,A,,,1,ninguna,"Ditec Minvu, Zonificación térmica por comuna (NCh1079), minvu.gob.cl/wp-content/uploads/2023/04/Zonas-Termicas-DITEC.pdf"
Antofagasta,Tocopilla,María Elena,B,,,1,ninguna,"Ditec Minvu, Zonificación térmica por comuna (NCh1079), minvu.gob.cl/wp-content/uploads/2023/04/Zonas-Termicas-DITEC.pdf"
Atacama,Copiapó,Copiapó,A,> 70°44',,3,meridiano y altitud,"Ditec Minvu, Zonificación térmica por comuna (NCh1079), minvu.gob.cl/wp-content/uploads/2023/04/Zonas-Termicas-DITEC.pdf"
Atacama,Copiapó,Copiapó,B,≤ 70°44',< 3.000,3,meridiano y altitud,"Ditec Minvu, Zonificación térmica por comuna (NCh1079), minvu.gob.cl/wp-content/uploads/2023/04/Zonas-Termicas-DITEC.pdf"
Atacama,Copiapó,Copiapó,H,,≥ 3.000,3,meridiano y altitud,"Ditec Minvu, Zonificación térmica por comuna (NCh1079), minvu.gob.cl/wp-content/uploads/2023/04/Zonas-Termicas-DITEC.pdf"
Atacama,Copiapó,Caldera,A,,,1,ninguna,"Ditec Minvu, Zonificación térmica por comuna (NCh1079), minvu.gob.cl/wp-content/uploads/2023/04/Zonas-Termicas-DITEC.pdf"
Atacama,Copiapó,Tierra Amarilla,B,,< 3.000,2,altitud,"Ditec Minvu, Zonificación térmica por comuna (NCh1079), minvu.gob.cl/wp-content/uploads/2023/04/Zonas-Termicas-DITEC.pdf"
Atacama,Copiapó,Tierra Amarilla,H,,≥ 3.000,2,altitud,"Ditec Minvu, Zonificación térmica por comuna (NCh1079), minvu.gob.cl/wp-content/uploads/2023/04/Zonas-Termicas-DITEC.pdf"
Atacama,Chañaral,Chañaral,A,,,1,ninguna,"Ditec Minvu, Zonificación térmica por comuna (NCh1079), minvu.gob.cl/wp-content/uploads/2023/04/Zonas-Termicas-DITEC.pdf"
Atacama,Chañaral,Diego de Almagro,B,,< 3.000,2,altitud,"Ditec Minvu, Zonificación térmica por comuna (NCh1079), minvu.gob.cl/wp-content/uploads/2023/04/Zonas-Termicas-DITEC.pdf"
Atacama,Chañaral,Diego de Almagro,H,,≥ 3.000,2,altitud,"Ditec Minvu, Zonificación térmica por comuna (NCh1079), minvu.gob.cl/wp-content/uploads/2023/04/Zonas-Termicas-DITEC.pdf"
Atacama,Huasco,Vallenar,B,,,1,ninguna,"Ditec Minvu, Zonificación térmica por comuna (NCh1079), minvu.gob.cl/wp-content/uploads/2023/04/Zonas-Termicas-DITEC.pdf"
Atacama,Huasco,Alto del Carmen,B,,< 3.000,2,altitud,"Ditec Minvu, Zonificación térmica por comuna (NCh1079), minvu.gob.cl/wp-content/uploads/2023/04/Zonas-Termicas-DITEC.pdf"
Atacama,Huasco,Alto del Carmen,H,,≥ 3.000,2,altitud,"Ditec Minvu, Zonificación térmica por comuna (NCh1079), minvu.gob.cl/wp-content/uploads/2023/04/Zonas-Termicas-DITEC.pdf"
Atacama,Huasco,Freirina,A,,,1,ninguna,"Ditec Minvu, Zonificación térmica por comuna (NCh1079), minvu.gob.cl/wp-content/uploads/2023/04/Zonas-Termicas-DITEC.pdf"
Atacama,Huasco,Huasco,A,,,1,ninguna,"Ditec Minvu, Zonificación térmica por comuna (NCh1079), minvu.gob.cl/wp-content/uploads/2023/04/Zonas-Termicas-DITEC.pdf"
Coquimbo,Elqui,La Serena,C,> 71°,,2,meridiano,"Ditec Minvu, Zonificación térmica por comuna (NCh1079), minvu.gob.cl/wp-content/uploads/2023/04/Zonas-Termicas-DITEC.pdf"
Coquimbo,Elqui,La Serena,B,≤ 71°,,2,meridiano,"Ditec Minvu, Zonificación térmica por comuna (NCh1079), minvu.gob.cl/wp-content/uploads/2023/04/Zonas-Termicas-DITEC.pdf"
Coquimbo,Elqui,Coquimbo,C,,,1,ninguna,"Ditec Minvu, Zonificación térmica por comuna (NCh1079), minvu.gob.cl/wp-content/uploads/2023/04/Zonas-Termicas-DITEC.pdf"
Coquimbo,Elqui,Andacollo,B,,,1,ninguna,"Ditec Minvu, Zonificación térmica por comuna (NCh1079), minvu.gob.cl/wp-content/uploads/2023/04/Zonas-Termicas-DITEC.pdf"
Coquimbo,Elqui,La Higuera,C,> 71°,,2,meridiano,"Ditec Minvu, Zonificación térmica por comuna (NCh1079), minvu.gob.cl/wp-content/uploads/2023/04/Zonas-Termicas-DITEC.pdf"
Coquimbo,Elqui,La Higuera,B,≤ 71°,,2,meridiano,"Ditec Minvu, Zonificación térmica por comuna (NCh1079), minvu.gob.cl/wp-content/uploads/2023/04/Zonas-Termicas-DITEC.pdf"
Coquimbo,Elqui,Paiguano,B,,< 3.000,2,altitud,"Ditec Minvu, Zonificación térmica por comuna (NCh1079), minvu.gob.cl/wp-content/uploads/2023/04/Zonas-Termicas-DITEC.pdf"
Coquimbo,Elqui,Paiguano,H,,≥ 3.000,2,altitud,"Ditec Minvu, Zonificación térmica por comuna (NCh1079), minvu.gob.cl/wp-content/uploads/2023/04/Zonas-Termicas-DITEC.pdf"
Coquimbo,Elqui,Vicuña,B,,< 3.000,2,altitud,"Ditec Minvu, Zonificación térmica por comuna (NCh1079), minvu.gob.cl/wp-content/uploads/2023/04/Zonas-Termicas-DITEC.pdf"
Coquimbo,Elqui,Vicuña,H,,≥ 3.000,2,altitud,"Ditec Minvu, Zonificación térmica por comuna (NCh1079), minvu.gob.cl/wp-content/uploads/2023/04/Zonas-Termicas-DITEC.pdf"
Coquimbo,Choapa,Illapel,B,,< 2.000,2,altitud,"Ditec Minvu, Zonificación térmica por comuna (NCh1079), minvu.gob.cl/wp-content/uploads/2023/04/Zonas-Termicas-DITEC.pdf"
Coquimbo,Choapa,Illapel,H,,≥ 2.000,2,altitud,"Ditec Minvu, Zonificación térmica por comuna (NCh1079), minvu.gob.cl/wp-content/uploads/2023/04/Zonas-Termicas-DITEC.pdf"
Coquimbo,Choapa,Canela,C,,,1,ninguna,"Ditec Minvu, Zonificación térmica por comuna (NCh1079), minvu.gob.cl/wp-content/uploads/2023/04/Zonas-Termicas-DITEC.pdf"
Coquimbo,Choapa,Los Vilos,C,,,1,ninguna,"Ditec Minvu, Zonificación térmica por comuna (NCh1079), minvu.gob.cl/wp-content/uploads/2023/04/Zonas-Termicas-DITEC.pdf"
Coquimbo,Choapa,Salamanca,B,,< 2.000,2,altitud,"Ditec Minvu, Zonificación térmica por comuna (NCh1079), minvu.gob.cl/wp-content/uploads/2023/04/Zonas-Termicas-DITEC.pdf"
Coquimbo,Choapa,Salamanca,H,,≥ 2.000,2,altitud,"Ditec Minvu, Zonificación térmica por comuna (NCh1079), minvu.gob.cl/wp-content/uploads/2023/04/Zonas-Termicas-DITEC.pdf"
Coquimbo,Limarí,Ovalle,C,> 71°15',,2,meridiano,"Ditec Minvu, Zonificación térmica por comuna (NCh1079), minvu.gob.cl/wp-content/uploads/2023/04/Zonas-Termicas-DITEC.pdf"
Coquimbo,Limarí,Ovalle,B,≤ 71°15',,2,meridiano,"Ditec Minvu, Zonificación térmica por comuna (NCh1079), minvu.gob.cl/wp-content/uploads/2023/04/Zonas-Termicas-DITEC.pdf"
Coquimbo,Limarí,Combarbalá,B,,< 2.000,2,altitud,"Ditec Minvu, Zonificación térmica por comuna (NCh1079), minvu.gob.cl/wp-content/uploads/2023/04/Zonas-Termicas-DITEC.pdf"
Coquimbo,Limarí,Combarbalá,H,,≥ 2.000,2,altitud,"Ditec Minvu, Zonificación térmica por comuna (NCh1079), minvu.gob.cl/wp-content/uploads/2023/04/Zonas-Termicas-DITEC.pdf"
Coquimbo,Limarí,Monte Patria,B,,< 2.000,2,altitud,"Ditec Minvu, Zonificación térmica por comuna (NCh1079), minvu.gob.cl/wp-content/uploads/2023/04/Zonas-Termicas-DITEC.pdf"
Coquimbo,Limarí,Monte Patria,H,,≥ 2.000,2,altitud,"Ditec Minvu, Zonificación térmica por comuna (NCh1079), minvu.gob.cl/wp-content/uploads/2023/04/Zonas-Termicas-DITEC.pdf"
Coquimbo,Limarí,Punitaqui,B,,,1,ninguna,"Ditec Minvu, Zonificación térmica por comuna (NCh1079), minvu.gob.cl/wp-content/uploads/2023/04/Zonas-Termicas-DITEC.pdf"
Coquimbo,Limarí,Río Hurtado,B,,< 3.000,2,altitud,"Ditec Minvu, Zonificación térmica por comuna (NCh1079), minvu.gob.cl/wp-content/uploads/2023/04/Zonas-Termicas-DITEC.pdf"
Coquimbo,Limarí,Río Hurtado,H,,≥ 3.000,2,altitud,"Ditec Minvu, Zonificación térmica por comuna (NCh1079), minvu.gob.cl/wp-content/uploads/2023/04/Zonas-Termicas-DITEC.pdf"
Valparaíso,Valparaíso,Valparaíso,C,,,1,ninguna,"Ditec Minvu, Zonificación térmica por comuna (NCh1079), minvu.gob.cl/wp-content/uploads/2023/04/Zonas-Termicas-DITEC.pdf"
Valparaíso,Valparaíso,Casablanca,C,,,1,ninguna,"Ditec Minvu, Zonificación térmica por comuna (NCh1079), minvu.gob.cl/wp-content/uploads/2023/04/Zonas-Termicas-DITEC.pdf"
Valparaíso,Valparaíso,Concón,C,,,1,ninguna,"Ditec Minvu, Zonificación térmica por comuna (NCh1079), minvu.gob.cl/wp-content/uploads/2023/04/Zonas-Termicas-DITEC.pdf"
Valparaíso,Valparaíso,Juan Fernández,C,,,1,ninguna,"Ditec Minvu, Zonificación térmica por comuna (NCh1079), minvu.gob.cl/wp-content/uploads/2023/04/Zonas-Termicas-DITEC.pdf"
Valparaíso,Valparaíso,Puchuncaví,C,,,1,ninguna,"Ditec Minvu, Zonificación térmica por comuna (NCh1079), minvu.gob.cl/wp-content/uploads/2023/04/Zonas-Termicas-DITEC.pdf"
Valparaíso,Marga Marga,Quilpué,D,,,1,ninguna,"Ditec Minvu, Zonificación térmica por comuna (NCh1079), minvu.gob.cl/wp-content/uploads/2023/04/Zonas-Termicas-DITEC.pdf"
Valparaíso,Valparaíso,Quintero,C,,,1,ninguna,"Ditec Minvu, Zonificación térmica por comuna (NCh1079), minvu.gob.cl/wp-content/uploads/2023/04/Zonas-Termicas-DITEC.pdf"
Valparaíso,Marga Marga,Villa Alemana,D,,,1,ninguna,"Ditec Minvu, Zonificación térmica por comuna (NCh1079), minvu.gob.cl/wp-content/uploads/2023/04/Zonas-Termicas-DITEC.pdf"
Valparaíso,Valparaíso,Viña del Mar,C,,,1,ninguna,"Ditec Minvu, Zonificación térmica por comuna (NCh1079), minvu.gob.cl/wp-content/uploads/2023/04/Zonas-Termicas-DITEC.pdf"
Valparaíso,Isla de Pascua,Isla de Pascua,A,,,1,ninguna,"Ditec Minvu, Zonificación térmica por comuna (NCh1079), minvu.gob.cl/wp-content/uploads/2023/04/Zonas-Termicas-DITEC.pdf"
Valparaíso,Los Andes,Los Andes,D,,< 2.000,2,altitud,"Ditec Minvu, Zonificación térmica por comuna (NCh1079), minvu.gob.cl/wp-content/uploads/2023/04/Zonas-Termicas-DITEC.pdf"
Valparaíso,Los Andes,Los Andes,H,,≥ 2.000,2,altitud,"Ditec Minvu, Zonificación térmica por comuna (NCh1079), minvu.gob.cl/wp-content/uploads/2023/04/Zonas-Termicas-DITEC.pdf"
Valparaíso,Los Andes,Calle Larga,D,,,1,ninguna,"Ditec Minvu, Zonificación térmica por comuna (NCh1079), minvu.gob.cl/wp-content/uploads/2023/04/Zonas-Termicas-DITEC.pdf"
Valparaíso,Los Andes,Rinconada,D,,,1,ninguna,"Ditec Minvu, Zonificación térmica por comuna (NCh1079), minvu.gob.cl/wp-content/uploads/2023/04/Zonas-Termicas-DITEC.pdf"
Valparaíso,Los Andes,San Esteban,D,,< 2.000,2,altitud,"Ditec Minvu, Zonificación térmica por comuna (NCh1079), minvu.gob.cl/wp-content/uploads/2023/04/Zonas-Termicas-DITEC.pdf"
Valparaíso,Los Andes,San Esteban,H,,≥ 2.000,2,altitud,"Ditec Minvu, Zonificación térmica por comuna (NCh1079), minvu.gob.cl/wp-content/uploads/2023/04/Zonas-Termicas-DITEC.pdf"
Valparaíso,Petorca,La Ligua,C,> 71°15',,2,meridiano,"Ditec Minvu, Zonificación térmica por comuna (NCh1079), minvu.gob.cl/wp-content/uploads/2023/04/Zonas-Termicas-DITEC.pdf"
Valparaíso,Petorca,La Ligua,D,≤ 71°15',,2,meridiano,"Ditec Minvu, Zonificación térmica por comuna (NCh1079), minvu.gob.cl/wp-content/uploads/2023/04/Zonas-Termicas-DITEC.pdf"
Valparaíso,Petorca,Cabildo,D,,< 2.000,2,altitud,"Ditec Minvu, Zonificación térmica por comuna (NCh1079), minvu.gob.cl/wp-content/uploads/2023/04/Zonas-Termicas-DITEC.pdf"
Valparaíso,Petorca,Cabildo,H,,≥ 2.000,2,altitud,"Ditec Minvu, Zonificación térmica por comuna (NCh1079), minvu.gob.cl/wp-content/uploads/2023/04/Zonas-Termicas-DITEC.pdf"
Valparaíso,Petorca,Papudo,C,,,1,ninguna,"Ditec Minvu, Zonificación térmica por comuna (NCh1079), minvu.gob.cl/wp-content/uploads/2023/04/Zonas-Termicas-DITEC.pdf"
Valparaíso,Petorca,Petorca,D,,< 2.000,2,altitud,"Ditec Minvu, Zonificación térmica por comuna (NCh1079), minvu.gob.cl/wp-content/uploads/2023/04/Zonas-Termicas-DITEC.pdf"
Valparaíso,Petorca,Petorca,H,,≥ 2.000,2,altitud,"Ditec Minvu, Zonificación térmica por comuna (NCh1079), minvu.gob.cl/wp-content/uploads/2023/04/Zonas-Termicas-DITEC.pdf"
Valparaíso,Petorca,Zapallar,C,,,1,ninguna,"Ditec Minvu, Zonificación térmica por comuna (NCh1079), minvu.gob.cl/wp-content/uploads/2023/04/Zonas-Termicas-DITEC.pdf"
Valparaíso,Quillota,Quillota,D,,,1,ninguna,"Ditec Minvu, Zonificación térmica por comuna (NCh1079), minvu.gob.cl/wp-content/uploads/2023/04/Zonas-Termicas-DITEC.pdf"
Valparaíso,Quillota,Calera,D,,,1,ninguna,"Ditec Minvu, Zonificación térmica por comuna (NCh1079), minvu.gob.cl/wp-content/uploads/2023/04/Zonas-Termicas-DITEC.pdf"
Valparaíso,Quillota,Hijuelas,D,,,1,ninguna,"Ditec Minvu, Zonificación térmica por comuna (NCh1079), minvu.gob.cl/wp-content/uploads/2023/04/Zonas-Termicas-DITEC.pdf"
Valparaíso,Quillota,La Cruz,D,,,1,ninguna,"Ditec Minvu, Zonificación térmica por comuna (NCh1079), minvu.gob.cl/wp-content/uploads/2023/04/Zonas-Termicas-DITEC.pdf"
Valparaíso,Marga Marga,Limache,D,,,1,ninguna,"Ditec Minvu, Zonificación térmica por comuna (NCh1079), minvu.gob.cl/wp-content/uploads/2023/04/Zonas-Termicas-DITEC.pdf"
Valparaíso,Quillota,Nogales,D,,,1,ninguna,"Ditec Minvu, Zonificación térmica por comuna (NCh1079), minvu.gob.cl/wp-content/uploads/2023/04/Zonas-Termicas-DITEC.pdf"
Valparaíso,Marga Marga,Olmué,D,,,1,ninguna,"Ditec Minvu, Zonificación térmica por comuna (NCh1079), minvu.gob.cl/wp-content/uploads/2023/04/Zonas-Termicas-DITEC.pdf"
Valparaíso,San Antonio,San Antonio,C,,,1,ninguna,"Ditec Minvu, Zonificación térmica por comuna (NCh1079), minvu.gob.cl/wp-content/uploads/2023/04/Zonas-Termicas-DITEC.pdf"
Valparaíso,San Antonio,Algarrobo,C,,,1,ninguna,"Ditec Minvu, Zonificación térmica por comuna (NCh1079), minvu.gob.cl/wp-content/uploads/2023/04/Zonas-Termicas-DITEC.pdf"
Valparaíso,San Antonio,Cartagena,C,,,1,ninguna,"Ditec Minvu, Zonificación térmica por comuna (NCh1079), minvu.gob.cl/wp-content/uploads/2023/04/Zonas-Termicas-DITEC.pdf"
Valparaíso,San Antonio,El Quisco,C,,,1,ninguna,"Ditec Minvu, Zonificación térmica por comuna (NCh1079), minvu.gob.cl/wp-content/uploads/2023/04/Zonas-Termicas-DITEC.pdf"
Valparaíso,San Antonio,El Tabo,C,,,1,ninguna,"Ditec Minvu, Zonificación térmica por comuna (NCh1079), minvu.gob.cl/wp-content/uploads/2023/04/Zonas-Termicas-DITEC.pdf"
Valparaíso,San Antonio,Santo Domingo,C,,,1,ninguna,"Ditec Minvu, Zonificación térmica por comuna (NCh1079), minvu.gob.cl/wp-content/uploads/2023/04/Zonas-Termicas-DITEC.pdf"
Valparaíso,San Felipe,San Felipe,D,,,1,ninguna,"Ditec Minvu, Zonificación térmica por comuna (NCh1079), minvu.gob.cl/wp-content/uploads/2023/04/Zonas-Termicas-DITEC.pdf"
Valparaíso,San Felipe,Catemu,D,,,1,ninguna,"Ditec Minvu, Zonificación térmica por comuna (NCh1079), minvu.gob.cl/wp-content/uploads/2023/04/Zonas-Termicas-DITEC.pdf"
Valparaíso,San Felipe,Llaillay,D,,,1,ninguna,"Ditec Minvu, Zonificación térmica por comuna (NCh1079), minvu.gob.cl/wp-content/uploads/2023/04/Zonas-Termicas-DITEC.pdf"
Valparaíso,San Felipe,Panquehue,D,,,1,ninguna,"Ditec Minvu, Zonificación térmica por comuna (NCh1079), minvu.gob.cl/wp-content/uploads/2023/04/Zonas-Termicas-DITEC.pdf"
Valparaíso,San Felipe,Putaendo,D,,< 2.000,2,altitud,"Ditec Minvu, Zonificación térmica por comuna (NCh1079), minvu.gob.cl/wp-content/uploads/2023/04/Zonas-Termicas-DITEC.pdf"
Valparaíso,San Felipe,Putaendo,H,,≥ 2.000,2,altitud,"Ditec Minvu, Zonificación térmica por comuna (NCh1079), minvu.gob.cl/wp-content/uploads/2023/04/Zonas-Termicas-DITEC.pdf"
Valparaíso,San Felipe,Santa María,D,,,1,ninguna,"Ditec Minvu, Zonificación térmica por comuna (NCh1079), minvu.gob.cl/wp-content/uploads/2023/04/Zonas-Termicas-DITEC.pdf"
Metropolitana de Santiago,Santiago,Santiago,D,,,1,ninguna,"Ditec Minvu, Zonificación térmica por comuna (NCh1079), minvu.gob.cl/wp-content/uploads/2023/04/Zonas-Termicas-DITEC.pdf"
Metropolitana de Santiago,Santiago,Cerrillos,D,,,1,ninguna,"Ditec Minvu, Zonificación térmica por comuna (NCh1079), minvu.gob.cl/wp-content/uploads/2023/04/Zonas-Termicas-DITEC.pdf"
Metropolitana de Santiago,Santiago,Cerro Navia,D,,,1,ninguna,"Ditec Minvu, Zonificación térmica por comuna (NCh1079), minvu.gob.cl/wp-content/uploads/2023/04/Zonas-Termicas-DITEC.pdf"
Metropolitana de Santiago,Santiago,Conchalí,D,,,1,ninguna,"Ditec Minvu, Zonificación térmica por comuna (NCh1079), minvu.gob.cl/wp-content/uploads/2023/04/Zonas-Termicas-DITEC.pdf"
Metropolitana de Santiago,Santiago,El Bosque,D,,,1,ninguna,"Ditec Minvu, Zonificación térmica por comuna (NCh1079), minvu.gob.cl/wp-content/uploads/2023/04/Zonas-Termicas-DITEC.pdf"
Metropolitana de Santiago,Santiago,Estación Central,D,,,1,ninguna,"Ditec Minvu, Zonificación térmica por comuna (NCh1079), minvu.gob.cl/wp-content/uploads/2023/04/Zonas-Termicas-DITEC.pdf"
Metropolitana de Santiago,Santiago,Huechuraba,D,,,1,ninguna,"Ditec Minvu, Zonificación térmica por comuna (NCh1079), minvu.gob.cl/wp-content/uploads/2023/04/Zonas-Termicas-DITEC.pdf"
Metropolitana de Santiago,Santiago,Independencia,D,,,1,ninguna,"Ditec Minvu, Zonificación térmica por comuna (NCh1079), minvu.gob.cl/wp-content/uploads/2023/04/Zonas-Termicas-DITEC.pdf"
Metropolitana de Santiago,Santiago,La Cisterna,D,,,1,ninguna,"Ditec Minvu, Zonificación térmica por comuna (NCh1079), minvu.gob.cl/wp-content/uploads/2023/04/Zonas-Termicas-DITEC.pdf"
Metropolitana de Santiago,Santiago,La Florida,D,,,1,ninguna,"Ditec Minvu, Zonificación térmica por comuna (NCh1079), minvu.gob.cl/wp-content/uploads/2023/04/Zonas-Termicas-DITEC.pdf"
Metropolitana de Santiago,Santiago,La Granja,D,,,1,ninguna,"Ditec Minvu, Zonificación térmica por comuna (NCh1079), minvu.gob.cl/wp-content/uploads/2023/04/Zonas-Termicas-DITEC.pdf"
Metropolitana de Santiago,Santiago,La Pintana,D,,,1,ninguna,"Ditec Minvu, Zonificación térmica por comuna (NCh1079), minvu.gob.cl/wp-content/uploads/2023/04/Zonas-Termicas-DITEC.pdf"
Metropolitana de Santiago,Santiago,La Reina,D,,,1,ninguna,"Ditec Minvu, Zonificación térmica por comuna (NCh1079), minvu.gob.cl/wp-content/uploads/2023/04/Zonas-Termicas-DITEC.pdf"
Metropolitana de Santiago,Santiago,Las Condes,D,,,1,ninguna,"Ditec Minvu, Zonificación térmica por comuna (NCh1079), minvu.gob.cl/wp-content/uploads/2023/04/Zonas-Termicas-DITEC.pdf"
Metropolitana de Santiago,Santiago,Lo Barnechea,D,,< 2.000,2,altitud,"Ditec Minvu, Zonificación térmica por comuna (NCh1079), minvu.gob.cl/wp-content/uploads/2023/04/Zonas-Termicas-DITEC.pdf"
Metropolitana de Santiago,Santiago,Lo Barnechea,H,,≥ 2.000,2,altitud,"Ditec Minvu, Zonificación térmica por comuna (NCh1079), minvu.gob.cl/wp-content/uploads/2023/04/Zonas-Termicas-DITEC.pdf"
Metropolitana de Santiago,Santiago,Lo Espejo,D,,,1,ninguna,"Ditec Minvu, Zonificación térmica por comuna (NCh1079), minvu.gob.cl/wp-content/uploads/2023/04/Zonas-Termicas-DITEC.pdf"
Metropolitana de Santiago,Santiago,Lo Prado,D,,,1,ninguna,"Ditec Minvu, Zonificación térmica por comuna (NCh1079), minvu.gob.cl/wp-content/uploads/2023/04/Zonas-Termicas-DITEC.pdf"
Metropolitana de Santiago,Santiago,Macul,D,,,1,ninguna,"Ditec Minvu, Zonificación térmica por comuna (NCh1079), minvu.gob.cl/wp-content/uploads/2023/04/Zonas-Termicas-DITEC.pdf"
Metropolitana de Santiago,Santiago,Maipú,D,,,1,ninguna,"Ditec Minvu, Zonificación térmica por comuna (NCh1079), minvu.gob.cl/wp-content/uploads/2023/04/Zonas-Termicas-DITEC.pdf"
Metropolitana de Santiago,Santiago,Ñuñoa,D,,,1,ninguna,"Ditec Minvu, Zonificación térmica por comuna (NCh1079), minvu.gob.cl/wp-content/uploads/2023/04/Zonas-Termicas-DITEC.pdf"
Metropolitana de Santiago,Santiago,Pedro Aguirre Cerda,D,,,1,ninguna,"Ditec Minvu, Zonificación térmica por comuna (NCh1079), minvu.gob.cl/wp-content/uploads/2023/04/Zonas-Termicas-DITEC.pdf"
Metropolitana de Santiago,Santiago,Peñalolén,D,,,1,ninguna,"Ditec Minvu, Zonificación térmica por comuna (NCh1079), minvu.gob.cl/wp-content/uploads/2023/04/Zonas-Termicas-DITEC.pdf"
Metropolitana de Santiago,Santiago,Providencia,D,,,1,ninguna,"Ditec Minvu, Zonificación térmica por comuna (NCh1079), minvu.gob.cl/wp-content/uploads/2023/04/Zonas-Termicas-DITEC.pdf"
Metropolitana de Santiago,Santiago,Pudahuel,D,,,1,ninguna,"Ditec Minvu, Zonificación térmica por comuna (NCh1079), minvu.gob.cl/wp-content/uploads/2023/04/Zonas-Termicas-DITEC.pdf"
Metropolitana de Santiago,Santiago,Quilicura,D,,,1,ninguna,"Ditec Minvu, Zonificación térmica por comuna (NCh1079), minvu.gob.cl/wp-content/uploads/2023/04/Zonas-Termicas-DITEC.pdf"
Metropolitana de Santiago,Santiago,Quinta Normal,D,,,1,ninguna,"Ditec Minvu, Zonificación térmica por comuna (NCh1079), minvu.gob.cl/wp-content/uploads/2023/04/Zonas-Termicas-DITEC.pdf"
Metropolitana de Santiago,Santiago,Recoleta,D,,,1,ninguna,"Ditec Minvu, Zonificación térmica por comuna (NCh1079), minvu.gob.cl/wp-content/uploads/2023/04/Zonas-Termicas-DITEC.pdf"
Metropolitana de Santiago,Santiago,Renca,D,,,1,ninguna,"Ditec Minvu, Zonificación térmica por comuna (NCh1079), minvu.gob.cl/wp-content/uploads/2023/04/Zonas-Termicas-DITEC.pdf"
Metropolitana de Santiago,Santiago,San Joaquín,D,,,1,ninguna,"Ditec Minvu, Zonificación térmica por comuna (NCh1079), minvu.gob.cl/wp-content/uploads/2023/04/Zonas-Termicas-DITEC.pdf"
Metropolitana de Santiago,Santiago,San Miguel,D,,,1,ninguna,"Ditec Minvu, Zonificación térmica por comuna (NCh1079), minvu.gob.cl/wp-content/uploads/2023/04/Zonas-Termicas-DITEC.pdf"
Metropolitana de Santiago,Santiago,San Ramón,D,,,1,ninguna,"Ditec Minvu, Zonificación térmica por comuna (NCh1079), minvu.gob.cl/wp-content/uploads/2023/04/Zonas-Termicas-DITEC.pdf"
Metropolitana de Santiago,Santiago,Vitacura,D,,,1,ninguna,"Ditec Minvu, Zonificación térmica por comuna (NCh1079), minvu.gob.cl/wp-content/uploads/2023/04/Zonas-Termicas-DITEC.pdf"
Metropolitana de Santiago,Cordillera,Puente Alto,D,,,1,ninguna,"Ditec Minvu, Zonificación térmica por comuna (NCh1079), minvu.gob.cl/wp-content/uploads/2023/04/Zonas-Termicas-DITEC.pdf"
Metropolitana de Santiago,Cordillera,Pirque,D,,,1,ninguna,"Ditec Minvu, Zonificación térmica por comuna (NCh1079), minvu.gob.cl/wp-content/uploads/2023/04/Zonas-Termicas-DITEC.pdf"
Metropolitana de Santiago,Cordillera,San José de Maipo,D,,< 2.000,2,altitud,"Ditec Minvu, Zonificación térmica por comuna (NCh1079), minvu.gob.cl/wp-content/uploads/2023/04/Zonas-Termicas-DITEC.pdf"
Metropolitana de Santiago,Cordillera,San José de Maipo,H,,≥ 2.000,2,altitud,"Ditec Minvu, Zonificación térmica por comuna (NCh1079), minvu.gob.cl/wp-content/uploads/2023/04/Zonas-Termicas-DITEC.pdf"
Metropolitana de Santiago,Chacabuco,Colina,D,,< 2.000,2,altitud,"Ditec Minvu, Zonificación térmica por comuna (NCh1079), minvu.gob.cl/wp-content/uploads/2023/04/Zonas-Termicas-DITEC.pdf"
Metropolitana de Santiago,Chacabuco,Colina,H,,≥ 2.000,2,altitud,"Ditec Minvu, Zonificación térmica por comuna (NCh1079), minvu.gob.cl/wp-content/uploads/2023/04/Zonas-Termicas-DITEC.pdf"
Metropolitana de Santiago,Chacabuco,Lampa,D,,,1,ninguna,"Ditec Minvu, Zonificación térmica por comuna (NCh1079), minvu.gob.cl/wp-content/uploads/2023/04/Zonas-Termicas-DITEC.pdf"
Metropolitana de Santiago,Chacabuco,Tiltil,D,,,1,ninguna,"Ditec Minvu, Zonificación térmica por comuna (NCh1079), minvu.gob.cl/wp-content/uploads/2023/04/Zonas-Termicas-DITEC.pdf"
Metropolitana de Santiago,Maipo,San Bernardo,D,,,1,ninguna,"Ditec Minvu, Zonificación térmica por comuna (NCh1079), minvu.gob.cl/wp-content/uploads/2023/04/Zonas-Termicas-DITEC.pdf"
Metropolitana de Santiago,Maipo,Buin,D,,,1,ninguna,"Ditec Minvu, Zonificación térmica por comuna (NCh1079), minvu.gob.cl/wp-content/uploads/2023/04/Zonas-Termicas-DITEC.pdf"
Metropolitana de Santiago,Maipo,Calera de Tango,D,,,1,ninguna,"Ditec Minvu, Zonificación térmica por comuna (NCh1079), minvu.gob.cl/wp-content/uploads/2023/04/Zonas-Termicas-DITEC.pdf"
Metropolitana de Santiago,Maipo,Paine,D,,,1,ninguna,"Ditec Minvu, Zonificación térmica por comuna (NCh1079), minvu.gob.cl/wp-content/uploads/2023/04/Zonas-Termicas-DITEC.pdf"
Metropolitana de Santiago,Melipilla,Melipilla,D,,,1,ninguna,"Ditec Minvu, Zonificación térmica por comuna (NCh1079), minvu.gob.cl/wp-content/uploads/2023/04/Zonas-Termicas-DITEC.pdf"
Metropolitana de Santiago,Melipilla,Alhué,D,,,1,ninguna,"Ditec Minvu, Zonificación térmica por comuna (NCh1079), minvu.gob.cl/wp-content/uploads/2023/04/Zonas-Termicas-DITEC.pdf"
Metropolitana de Santiago,Melipilla,Curacaví,D,,,1,ninguna,"Ditec Minvu, Zonificación térmica por comuna (NCh1079), minvu.gob.cl/wp-content/uploads/2023/04/Zonas-Termicas-DITEC.pdf"
Metropolitana de Santiago,Melipilla,María Pinto,D,,,1,ninguna,"Ditec Minvu, Zonificación térmica por comuna (NCh1079), minvu.gob.cl/wp-content/uploads/2023/04/Zonas-Termicas-DITEC.pdf"
Metropolitana de Santiago,Melipilla,San Pedro,D,,,1,ninguna,"Ditec Minvu, Zonificación térmica por comuna (NCh1079), minvu.gob.cl/wp-content/uploads/2023/04/Zonas-Termicas-DITEC.pdf"
Metropolitana de Santiago,Talagante,Talagante,D,,,1,ninguna,"Ditec Minvu, Zonificación térmica por comuna (NCh1079), minvu.gob.cl/wp-content/uploads/2023/04/Zonas-Termicas-DITEC.pdf"
Metropolitana de Santiago,Talagante,El Monte,D,,,1,ninguna,"Ditec Minvu, Zonificación térmica por comuna (NCh1079), minvu.gob.cl/wp-content/uploads/2023/04/Zonas-Termicas-DITEC.pdf"
Metropolitana de Santiago,Talagante,Isla de Maipo,D,,,1,ninguna,"Ditec Minvu, Zonificación térmica por comuna (NCh1079), minvu.gob.cl/wp-content/uploads/2023/04/Zonas-Termicas-DITEC.pdf"
Metropolitana de Santiago,Talagante,Padre Hurtado,D,,,1,ninguna,"Ditec Minvu, Zonificación térmica por comuna (NCh1079), minvu.gob.cl/wp-content/uploads/2023/04/Zonas-Termicas-DITEC.pdf"
Metropolitana de Santiago,Talagante,Peñaflor,D,,,1,ninguna,"Ditec Minvu, Zonificación térmica por comuna (NCh1079), minvu.gob.cl/wp-content/uploads/2023/04/Zonas-Termicas-DITEC.pdf"
O'Higgins,Cachapoal,Rancagua,D,,,1,ninguna,"Ditec Minvu, Zonificación térmica por comuna (NCh1079), minvu.gob.cl/wp-content/uploads/2023/04/Zonas-Termicas-DITEC.pdf"
O'Higgins,Cachapoal,Codegua,D,,< 1.000,2,altitud,"Ditec Minvu, Zonificación térmica por comuna (NCh1079), minvu.gob.cl/wp-content/uploads/2023/04/Zonas-Termicas-DITEC.pdf"
O'Higgins,Cachapoal,Codegua,H,,≥ 1.000,2,altitud,"Ditec Minvu, Zonificación térmica por comuna (NCh1079), minvu.gob.cl/wp-content/uploads/2023/04/Zonas-Termicas-DITEC.pdf"
O'Higgins,Cachapoal,Coinco,D,,,1,ninguna,"Ditec Minvu, Zonificación térmica por comuna (NCh1079), minvu.gob.cl/wp-content/uploads/2023/04/Zonas-Termicas-DITEC.pdf"
O'Higgins,Cachapoal,Coltauco,D,,,1,ninguna,"Ditec Minvu, Zonificación térmica por comuna (NCh1079), minvu.gob.cl/wp-content/uploads/2023/04/Zonas-Termicas-DITEC.pdf"
O'Higgins,Cachapoal,Doñihue,D,,,1,ninguna,"Ditec Minvu, Zonificación térmica por comuna (NCh1079), minvu.gob.cl/wp-content/uploads/2023/04/Zonas-Termicas-DITEC.pdf"
O'Higgins,Cachapoal,Graneros,D,,,1,ninguna,"Ditec Minvu, Zonificación térmica por comuna (NCh1079), minvu.gob.cl/wp-content/uploads/2023/04/Zonas-Termicas-DITEC.pdf"
O'Higgins,Cachapoal,Las Cabras,D,,,1,ninguna,"Ditec Minvu, Zonificación térmica por comuna (NCh1079), minvu.gob.cl/wp-content/uploads/2023/04/Zonas-Termicas-DITEC.pdf"
O'Higgins,Cachapoal,Machalí,D,,< 1.000,2,altitud,"Ditec Minvu, Zonificación térmica por comuna (NCh1079), minvu.gob.cl/wp-content/uploads/2023/04/Zonas-Termicas-DITEC.pdf"
O'Higgins,Cachapoal,Machalí,H,,≥ 1.000,2,altitud,"Ditec Minvu, Zonificación térmica por comuna (NCh1079), minvu.gob.cl/wp-content/uploads/2023/04/Zonas-Termicas-DITEC.pdf"
O'Higgins,Cachapoal,Malloa,D,,< 1.000,2,altitud,"Ditec Minvu, Zonificación térmica por comuna (NCh1079), minvu.gob.cl/wp-content/uploads/2023/04/Zonas-Termicas-DITEC.pdf"
O'Higgins,Cachapoal,Malloa,H,,≥ 1.000,2,altitud,"Ditec Minvu, Zonificación térmica por comuna (NCh1079), minvu.gob.cl/wp-content/uploads/2023/04/Zonas-Termicas-DITEC.pdf"
O'Higgins,Cachapoal,Mostazal,D,,< 1.000,2,altitud,"Ditec Minvu, Zonificación térmica por comuna (NCh1079), minvu.gob.cl/wp-content/uploads/2023/04/Zonas-Termicas-DITEC.pdf"
O'Higgins,Cachapoal,Mostazal,H,,≥ 1.000,2,altitud,"Ditec Minvu, Zonificación térmica por comuna (NCh1079), minvu.gob.cl/wp-content/uploads/2023/04/Zonas-Termicas-DITEC.pdf"
O'Higgins,Cachapoal,Olivar,D,,,1,ninguna,"Ditec Minvu, Zonificación térmica por comuna (NCh1079), minvu.gob.cl/wp-content/uploads/2023/04/Zonas-Termicas-DITEC.pdf"
O'Higgins,Cachapoal,Peumo,D,,,1,ninguna,"Ditec Minvu, Zonificación térmica por comuna (NCh1079), minvu.gob.cl/wp-content/uploads/2023/04/Zonas-Termicas-DITEC.pdf"
O'Higgins,Cachapoal,Pichidegua,D,,,1,ninguna,"Ditec Minvu, Zonificación térmica por comuna (NCh1079), minvu.gob.cl/wp-content/uploads/2023/04/Zonas-Termicas-DITEC.pdf"
O'Higgins,Cachapoal,Quinta de Tilcoco,D,,,1,ninguna,"Ditec Minvu, Zonificación térmica por comuna (NCh1079), minvu.gob.cl/wp-content/uploads/2023/04/Zonas-Termicas-DITEC.pdf"
O'Higgins,Cachapoal,Rengo,D,,< 1.000,2,altitud,"Ditec Minvu, Zonificación térmica por comuna (NCh1079), minvu.gob.cl/wp-content/uploads/2023/04/Zonas-Termicas-DITEC.pdf"
O'Higgins,Cachapoal,Rengo,H,,≥ 1.000,2,altitud,"Ditec Minvu, Zonificación térmica por comuna (NCh1079), minvu.gob.cl/wp-content/uploads/2023/04/Zonas-Termicas-DITEC.pdf"
O'Higgins,Cachapoal,Requínoa,D,,< 1.000,2,altitud,"Ditec Minvu, Zonificación térmica por comuna (NCh1079), minvu.gob.cl/wp-content/uploads/2023/04/Zonas-Termicas-DITEC.pdf"
O'Higgins,Cachapoal,Requínoa,H,,≥ 1.000,2,altitud,"Ditec Minvu, Zonificación térmica por comuna (NCh1079), minvu.gob.cl/wp-content/uploads/2023/04/Zonas-Termicas-DITEC.pdf"
O'Higgins,Cachapoal,San Vicente,D,,,1,ninguna,"Ditec Minvu, Zonificación térmica por comuna (NCh1079), minvu.gob.cl/wp-content/uploads/2023/04/Zonas-Termicas-DITEC.pdf"
O'Higgins,Cardenal Caro,Pichilemu,C,,,1,ninguna,"Ditec Minvu, Zonificación térmica por comuna (NCh1079), minvu.gob.cl/wp-content/uploads/2023/04/Zonas-Termicas-DITEC.pdf"
O'Higgins,Cardenal Caro,La Estrella,D,,,1,ninguna,"Ditec Minvu, Zonificación térmica por comuna (NCh1079), minvu.gob.cl/wp-content/uploads/2023/04/Zonas-Termicas-DITEC.pdf"
O'Higgins,Cardenal Caro,Litueche,C,,,1,ninguna,"Ditec Minvu, Zonificación térmica por comuna (NCh1079), minvu.gob.cl/wp-content/uploads/2023/04/Zonas-Termicas-DITEC.pdf"
O'Higgins,Cardenal Caro,Marchihue,D,,,1,ninguna,"Ditec Minvu, Zonificación térmica por comuna (NCh1079), minvu.gob.cl/wp-content/uploads/2023/04/Zonas-Termicas-DITEC.pdf"
O'Higgins,Cardenal Caro,Navidad,C,,,1,ninguna,"Ditec Minvu, Zonificación térmica por comuna (NCh1079), minvu.gob.cl/wp-content/uploads/2023/04/Zonas-Termicas-DITEC.pdf"
O'Higgins,Cardenal Caro,Paredones,C,,,1,ninguna,"Ditec Minvu, Zonificación térmica por comuna (NCh1079), minvu.gob.cl/wp-content/uploads/2023/04/Zonas-Termicas-DITEC.pdf"
O'Higgins,Colchagua,San Fernando,D,,< 1.000,2,altitud,"Ditec Minvu, Zonificación térmica por comuna (NCh1079), minvu.gob.cl/wp-content/uploads/2023/04/Zonas-Termicas-DITEC.pdf"
O'Higgins,Colchagua,San Fernando,H,,≥ 1.000,2,altitud,"Ditec Minvu, Zonificación térmica por comuna (NCh1079), minvu.gob.cl/wp-content/uploads/2023/04/Zonas-Termicas-DITEC.pdf"
O'Higgins,Colchagua,Chépica,D,,,1,ninguna,"Ditec Minvu, Zonificación térmica por comuna (NCh1079), minvu.gob.cl/wp-content/uploads/2023/04/Zonas-Termicas-DITEC.pdf"
O'Higgins,Colchagua,Chimbarongo,D,,,1,ninguna,"Ditec Minvu, Zonificación térmica por comuna (NCh1079), minvu.gob.cl/wp-content/uploads/2023/04/Zonas-Termicas-DITEC.pdf"
O'Higgins,Colchagua,Lolol,D,,,1,ninguna,"Ditec Minvu, Zonificación térmica por comuna (NCh1079), minvu.gob.cl/wp-content/uploads/2023/04/Zonas-Termicas-DITEC.pdf"
O'Higgins,Colchagua,Nancagua,D,,,1,ninguna,"Ditec Minvu, Zonificación térmica por comuna (NCh1079), minvu.gob.cl/wp-content/uploads/2023/04/Zonas-Termicas-DITEC.pdf"
O'Higgins,Colchagua,Palmilla,D,,,1,ninguna,"Ditec Minvu, Zonificación térmica por comuna (NCh1079), minvu.gob.cl/wp-content/uploads/2023/04/Zonas-Termicas-DITEC.pdf"
O'Higgins,Colchagua,Peralillo,D,,,1,ninguna,"Ditec Minvu, Zonificación térmica por comuna (NCh1079), minvu.gob.cl/wp-content/uploads/2023/04/Zonas-Termicas-DITEC.pdf"
O'Higgins,Colchagua,Placilla,D,,,1,ninguna,"Ditec Minvu, Zonificación térmica por comuna (NCh1079), minvu.gob.cl/wp-content/uploads/2023/04/Zonas-Termicas-DITEC.pdf"
O'Higgins,Colchagua,Pumanque,D,,,1,ninguna,"Ditec Minvu, Zonificación térmica por comuna (NCh1079), minvu.gob.cl/wp-content/uploads/2023/04/Zonas-Termicas-DITEC.pdf"
O'Higgins,Colchagua,Santa Cruz,D,,,1,ninguna,"Ditec Minvu, Zonificación térmica por comuna (NCh1079), minvu.gob.cl/wp-content/uploads/2023/04/Zonas-Termicas-DITEC.pdf"
Maule,Talca,Talca,D,,,1,ninguna,"Ditec Minvu, Zonificación térmica por comuna (NCh1079), minvu.gob.cl/wp-content/uploads/2023/04/Zonas-Termicas-DITEC.pdf"
Maule,Talca,Constitución,E,,,1,ninguna,"Ditec Minvu, Zonificación térmica por comuna (NCh1079), minvu.gob.cl/wp-content/uploads/2023/04/Zonas-Termicas-DITEC.pdf"
Maule,Talca,Curepto,E,,,1,ninguna,"Ditec Minvu, Zonificación térmica por comuna (NCh1079), minvu.gob.cl/wp-content/uploads/2023/04/Zonas-Termicas-DITEC.pdf"
Maule,Talca,Empedrado,E,,,1,ninguna,"Ditec Minvu, Zonificación térmica por comuna (NCh1079), minvu.gob.cl/wp-content/uploads/2023/04/Zonas-Termicas-DITEC.pdf"
Maule,Talca,Maule,D,,,1,ninguna,"Ditec Minvu, Zonificación térmica por comuna (NCh1079), minvu.gob.cl/wp-content/uploads/2023/04/Zonas-Termicas-DITEC.pdf"
Maule,Talca,Pelarco,D,,,1,ninguna,"Ditec Minvu, Zonificación térmica por comuna (NCh1079), minvu.gob.cl/wp-content/uploads/2023/04/Zonas-Termicas-DITEC.pdf"
Maule,Talca,Pencahue,D,,,1,ninguna,"Ditec Minvu, Zonificación térmica por comuna (NCh1079), minvu.gob.cl/wp-content/uploads/2023/04/Zonas-Termicas-DITEC.pdf"
Maule,Talca,Río Claro,D,,,1,ninguna,"Ditec Minvu, Zonificación térmica por comuna (NCh1079), minvu.gob.cl/wp-content/uploads/2023/04/Zonas-Termicas-DITEC.pdf"
Maule,Talca,San Clemente,D,,< 1.000,2,altitud,"Ditec Minvu, Zonificación térmica por comuna (NCh1079), minvu.gob.cl/wp-content/uploads/2023/04/Zonas-Termicas-DITEC.pdf"
Maule,Talca,San Clemente,H,,≥ 1.000,2,altitud,"Ditec Minvu, Zonificación térmica por comuna (NCh1079), minvu.gob.cl/wp-content/uploads/2023/04/Zonas-Termicas-DITEC.pdf"
Maule,Talca,San Rafael,D,,,1,ninguna,"Ditec Minvu, Zonificación térmica por comuna (NCh1079), minvu.gob.cl/wp-content/uploads/2023/04/Zonas-Termicas-DITEC.pdf"
Maule,Cauquenes,Cauquenes,E,,,1,ninguna,"Ditec Minvu, Zonificación térmica por comuna (NCh1079), minvu.gob.cl/wp-content/uploads/2023/04/Zonas-Termicas-DITEC.pdf"
Maule,Cauquenes,Chanco,E,,,1,ninguna,"Ditec Minvu, Zonificación térmica por comuna (NCh1079), minvu.gob.cl/wp-content/uploads/2023/04/Zonas-Termicas-DITEC.pdf"
Maule,Cauquenes,Pelluhue,E,,,1,ninguna,"Ditec Minvu, Zonificación térmica por comuna (NCh1079), minvu.gob.cl/wp-content/uploads/2023/04/Zonas-Termicas-DITEC.pdf"
Maule,Curicó,Curicó,D,,< 1.000,2,altitud,"Ditec Minvu, Zonificación térmica por comuna (NCh1079), minvu.gob.cl/wp-content/uploads/2023/04/Zonas-Termicas-DITEC.pdf"
Maule,Curicó,Curicó,H,,≥ 1.000,2,altitud,"Ditec Minvu, Zonificación térmica por comuna (NCh1079), minvu.gob.cl/wp-content/uploads/2023/04/Zonas-Termicas-DITEC.pdf"
Maule,Curicó,Hualañé,D,,,1,ninguna,"Ditec Minvu, Zonificación térmica por comuna (NCh1079), minvu.gob.cl/wp-content/uploads/2023/04/Zonas-Termicas-DITEC.pdf"
Maule,Curicó,Licantén,C,,,1,ninguna,"Ditec Minvu, Zonificación térmica por comuna (NCh1079), minvu.gob.cl/wp-content/uploads/2023/04/Zonas-Termicas-DITEC.pdf"
Maule,Curicó,Molina,D,,< 1.000,2,altitud,"Ditec Minvu, Zonificación térmica por comuna (NCh1079), minvu.gob.cl/wp-content/uploads/2023/04/Zonas-Termicas-DITEC.pdf"
Maule,Curicó,Molina,H,,≥ 1.000,2,altitud,"Ditec Minvu, Zonificación térmica por comuna (NCh1079), minvu.gob.cl/wp-content/uploads/2023/04/Zonas-Termicas-DITEC.pdf"
Maule,Curicó,Rauco,D,,,1,ninguna,"Ditec Minvu, Zonificación térmica por comuna (NCh1079), minvu.gob.cl/wp-content/uploads/2023/04/Zonas-Termicas-DITEC.pdf"
Maule,Curicó,Romeral,D,,< 1.000,2,altitud,"Ditec Minvu, Zonificación térmica por comuna (NCh1079), minvu.gob.cl/wp-content/uploads/2023/04/Zonas-Termicas-DITEC.pdf"
Maule,Curicó,Romeral,H,,≥ 1.000,2,altitud,"Ditec Minvu, Zonificación térmica por comuna (NCh1079), minvu.gob.cl/wp-content/uploads/2023/04/Zonas-Termicas-DITEC.pdf"
Maule,Curicó,Sagrada Familia,D,,,1,ninguna,"Ditec Minvu, Zonificación térmica por comuna (NCh1079), minvu.gob.cl/wp-content/uploads/2023/04/Zonas-Termicas-DITEC.pdf"
Maule,Curicó,Teno,D,,< 1.000,2,altitud,"Ditec Minvu, Zonificación térmica por comuna (NCh1079), minvu.gob.cl/wp-content/uploads/2023/04/Zonas-Termicas-DITEC.pdf"
Maule,Curicó,Teno,H,,≥ 1.000,2,altitud,"Ditec Minvu, Zonificación térmica por comuna (NCh1079), minvu.gob.cl/wp-content/uploads/2023/04/Zonas-Termicas-DITEC.pdf"
Maule,Curicó,Vichuquén,C,,,1,ninguna,"Ditec Minvu, Zonificación térmica por comuna (NCh1079), minvu.gob.cl/wp-content/uploads/2023/04/Zonas-Termicas-DITEC.pdf"
Maule,Linares,Linares,D,,< 1.000,2,altitud,"Ditec Minvu, Zonificación térmica por comuna (NCh1079), minvu.gob.cl/wp-content/uploads/2023/04/Zonas-Termicas-DITEC.pdf"
Maule,Linares,Linares,H,,≥ 1.000,2,altitud,"Ditec Minvu, Zonificación térmica por comuna (NCh1079), minvu.gob.cl/wp-content/uploads/2023/04/Zonas-Termicas-DITEC.pdf"
Maule,Linares,Colbún,D,,< 1.000,2,altitud,"Ditec Minvu, Zonificación térmica por comuna (NCh1079), minvu.gob.cl/wp-content/uploads/2023/04/Zonas-Termicas-DITEC.pdf"
Maule,Linares,Colbún,H,,≥ 1.000,2,altitud,"Ditec Minvu, Zonificación térmica por comuna (NCh1079), minvu.gob.cl/wp-content/uploads/2023/04/Zonas-Termicas-DITEC.pdf"
Maule,Linares,Longaví,D,,< 1.000,2,altitud,"Ditec Minvu, Zonificación térmica por comuna (NCh1079), minvu.gob.cl/wp-content/uploads/2023/04/Zonas-Termicas-DITEC.pdf"
Maule,Linares,Longaví,H,,≥ 1.000,2,altitud,"Ditec Minvu, Zonificación térmica por comuna (NCh1079), minvu.gob.cl/wp-content/uploads/2023/04/Zonas-Termicas-DITEC.pdf"
Maule,Linares,Parral,D,,< 1.000,2,altitud,"Ditec Minvu, Zonificación térmica por comuna (NCh1079), minvu.gob.cl/wp-content/uploads/2023/04/Zonas-Termicas-DITEC.pdf"
Maule,Linares,Parral,H,,≥ 1.000,2,altitud,"Ditec Minvu, Zonificación térmica por comuna (NCh1079), minvu.gob.cl/wp-content/uploads/2023/04/Zonas-Termicas-DITEC.pdf"
Maule,Linares,Retiro,D,,,1,ninguna,"Ditec Minvu, Zonificación térmica por comuna (NCh1079), minvu.gob.cl/wp-content/uploads/2023/04/Zonas-Termicas-DITEC.pdf"
Maule,Linares,San Javier,D,,,1,ninguna,"Ditec Minvu, Zonificación térmica por comuna (NCh1079), minvu.gob.cl/wp-content/uploads/2023/04/Zonas-Termicas-DITEC.pdf"
Maule,Linares,Villa Alegre,D,,,1,ninguna,"Ditec Minvu, Zonificación térmica por comuna (NCh1079), minvu.gob.cl/wp-content/uploads/2023/04/Zonas-Termicas-DITEC.pdf"
Maule,Linares,Yerbas Buenas,D,,,1,ninguna,"Ditec Minvu, Zonificación térmica por comuna (NCh1079), minvu.gob.cl/wp-content/uploads/2023/04/Zonas-Termicas-DITEC.pdf"
Biobío,Concepción,Concepción,E,,,1,ninguna,"Ditec Minvu, Zonificación térmica por comuna (NCh1079), minvu.gob.cl/wp-content/uploads/2023/04/Zonas-Termicas-DITEC.pdf"
Biobío,Concepción,Coronel,E,,,1,ninguna,"Ditec Minvu, Zonificación térmica por comuna (NCh1079), minvu.gob.cl/wp-content/uploads/2023/04/Zonas-Termicas-DITEC.pdf"
Biobío,Concepción,Chiguayante,E,,,1,ninguna,"Ditec Minvu, Zonificación térmica por comuna (NCh1079), minvu.gob.cl/wp-content/uploads/2023/04/Zonas-Termicas-DITEC.pdf"
Biobío,Concepción,Florida,F,,,1,ninguna,"Ditec Minvu, Zonificación térmica por comuna (NCh1079), minvu.gob.cl/wp-content/uploads/2023/04/Zonas-Termicas-DITEC.pdf"
Biobío,Concepción,Hualqui,E,,,1,ninguna,"Ditec Minvu, Zonificación térmica por comuna (NCh1079), minvu.gob.cl/wp-content/uploads/2023/04/Zonas-Termicas-DITEC.pdf"
Biobío,Concepción,Lota,E,,,1,ninguna,"Ditec Minvu, Zonificación térmica por comuna (NCh1079), minvu.gob.cl/wp-content/uploads/2023/04/Zonas-Termicas-DITEC.pdf"
Biobío,Concepción,Penco,E,,,1,ninguna,"Ditec Minvu, Zonificación térmica por comuna (NCh1079), minvu.gob.cl/wp-content/uploads/2023/04/Zonas-Termicas-DITEC.pdf"
Biobío,Concepción,San Pedro de la Paz,E,,,1,ninguna,"Ditec Minvu, Zonificación térmica por comuna (NCh1079), minvu.gob.cl/wp-content/uploads/2023/04/Zonas-Termicas-DITEC.pdf"
Biobío,Concepción,Santa Juana,E,,,1,ninguna,"Ditec Minvu, Zonificación térmica por comuna (NCh1079), minvu.gob.cl/wp-content/uploads/2023/04/Zonas-Termicas-DITEC.pdf"
Biobío,Concepción,Talcahuano,E,,,1,ninguna,"Ditec Minvu, Zonificación térmica por comuna (NCh1079), minvu.gob.cl/wp-content/uploads/2023/04/Zonas-Termicas-DITEC.pdf"
Biobío,Concepción,Tomé,E,,,1,ninguna,"Ditec Minvu, Zonificación térmica por comuna (NCh1079), minvu.gob.cl/wp-content/uploads/2023/04/Zonas-Termicas-DITEC.pdf"
Biobío,Concepción,Hualpén,E,,,1,ninguna,"Ditec Minvu, Zonificación térmica por comuna (NCh1079), minvu.gob.cl/wp-content/uploads/2023/04/Zonas-Termicas-DITEC.pdf"
Biobío,Arauco,Lebu,E,,,1,ninguna,"Ditec Minvu, Zonificación térmica por comuna (NCh1079), minvu.gob.cl/wp-content/uploads/2023/04/Zonas-Termicas-DITEC.pdf"
Biobío,Arauco,Arauco,E,,,1,ninguna,"Ditec Minvu, Zonificación térmica por comuna (NCh1079), minvu.gob.cl/wp-content/uploads/2023/04/Zonas-Termicas-DITEC.pdf"
Biobío,Arauco,Cañete,E,,,1,ninguna,"Ditec Minvu, Zonificación térmica por comuna (NCh1079), minvu.gob.cl/wp-content/uploads/2023/04/Zonas-Termicas-DITEC.pdf"
Biobío,Arauco,Contulmo,E,,,1,ninguna,"Ditec Minvu, Zonificación térmica por comuna (NCh1079), minvu.gob.cl/wp-content/uploads/2023/04/Zonas-Termicas-DITEC.pdf"
Biobío,Arauco,Curanilahue,E,,,1,ninguna,"Ditec Minvu, Zonificación térmica por comuna (NCh1079), minvu.gob.cl/wp-content/uploads/2023/04/Zonas-Termicas-DITEC.pdf"
Biobío,Arauco,Los Álamos,E,,,1,ninguna,"Ditec Minvu, Zonificación térmica por comuna (NCh1079), minvu.gob.cl/wp-content/uploads/2023/04/Zonas-Termicas-DITEC.pdf"
Biobío,Arauco,Tirúa,E,,,1,ninguna,"Ditec Minvu, Zonificación térmica por comuna (NCh1079), minvu.gob.cl/wp-content/uploads/2023/04/Zonas-Termicas-DITEC.pdf"
Biobío,Biobío,Los Ángeles,F,,,1,ninguna,"Ditec Minvu, Zonificación térmica por comuna (NCh1079), minvu.gob.cl/wp-content/uploads/2023/04/Zonas-Termicas-DITEC.pdf"
Biobío,Biobío,Antuco,F,,< 1.000,2,altitud,"Ditec Minvu, Zonificación térmica por comuna (NCh1079), minvu.gob.cl/wp-content/uploads/2023/04/Zonas-Termicas-DITEC.pdf"
Biobío,Biobío,Antuco,H,,> 1.000,2,altitud,"Ditec Minvu, Zonificación térmica por comuna (NCh1079), minvu.gob.cl/wp-content/uploads/2023/04/Zonas-Termicas-DITEC.pdf"
Biobío,Biobío,Cabrero,F,,,1,ninguna,"Ditec Minvu, Zonificación térmica por comuna (NCh1079), minvu.gob.cl/wp-content/uploads/2023/04/Zonas-Termicas-DITEC.pdf"
Biobío,Biobío,Laja,F,,,1,ninguna,"Ditec Minvu, Zonificación térmica por comuna (NCh1079), minvu.gob.cl/wp-content/uploads/2023/04/Zonas-Termicas-DITEC.pdf"
Biobío,Biobío,Mulchén,F,,,1,ninguna,"Ditec Minvu, Zonificación térmica por comuna (NCh1079), minvu.gob.cl/wp-content/uploads/2023/04/Zonas-Termicas-DITEC.pdf"
Biobío,Biobío,Nacimiento,F,,,1,ninguna,"Ditec Minvu, Zonificación térmica por comuna (NCh1079), minvu.gob.cl/wp-content/uploads/2023/04/Zonas-Termicas-DITEC.pdf"
Biobío,Biobío,Negrete,F,,,1,ninguna,"Ditec Minvu, Zonificación térmica por comuna (NCh1079), minvu.gob.cl/wp-content/uploads/2023/04/Zonas-Termicas-DITEC.pdf"
Biobío,Biobío,Quilaco,F,,,1,ninguna,"Ditec Minvu, Zonificación térmica por comuna (NCh1079), minvu.gob.cl/wp-content/uploads/2023/04/Zonas-Termicas-DITEC.pdf"
Biobío,Biobío,Quilleco,F,,< 1.000,2,altitud,"Ditec Minvu, Zonificación térmica por comuna (NCh1079), minvu.gob.cl/wp-content/uploads/2023/04/Zonas-Termicas-DITEC.pdf"
Biobío,Biobío,Quilleco,H,,≥ 1.000,2,altitud,"Ditec Minvu, Zonificación térmica por comuna (NCh1079), minvu.gob.cl/wp-content/uploads/2023/04/Zonas-Termicas-DITEC.pdf"
Biobío,Biobío,San Rosendo,F,,,1,ninguna,"Ditec Minvu, Zonificación térmica por comuna (NCh1079), minvu.gob.cl/wp-content/uploads/2023/04/Zonas-Termicas-DITEC.pdf"
Biobío,Biobío,Santa Bárbara,F,,< 1.000,2,altitud,"Ditec Minvu, Zonificación térmica por comuna (NCh1079), minvu.gob.cl/wp-content/uploads/2023/04/Zonas-Termicas-DITEC.pdf"
Biobío,Biobío,Santa Bárbara,H,,≥ 1.000,2,altitud,"Ditec Minvu, Zonificación térmica por comuna (NCh1079), minvu.gob.cl/wp-content/uploads/2023/04/Zonas-Termicas-DITEC.pdf"
Biobío,Biobío,Tucapel,F,,< 1.000,2,altitud,"Ditec Minvu, Zonificación térmica por comuna (NCh1079), minvu.gob.cl/wp-content/uploads/2023/04/Zonas-Termicas-DITEC.pdf"
Biobío,Biobío,Tucapel,H,,≥ 1.000,2,altitud,"Ditec Minvu, Zonificación térmica por comuna (NCh1079), minvu.gob.cl/wp-content/uploads/2023/04/Zonas-Termicas-DITEC.pdf"
Biobío,Biobío,Yumbel,F,,,1,ninguna,"Ditec Minvu, Zonificación térmica por comuna (NCh1079), minvu.gob.cl/wp-content/uploads/2023/04/Zonas-Termicas-DITEC.pdf"
Biobío,Biobío,Alto Biobío,F,,< 1.000,2,altitud,"Ditec Minvu, Zonificación térmica por comuna (NCh1079), minvu.gob.cl/wp-content/uploads/2023/04/Zonas-Termicas-DITEC.pdf"
Biobío,Biobío,Alto Biobío,H,,≥ 1.000,2,altitud,"Ditec Minvu, Zonificación térmica por comuna (NCh1079), minvu.gob.cl/wp-content/uploads/2023/04/Zonas-Termicas-DITEC.pdf"
Ñuble,Diguillín,Chillán,F,,,1,ninguna,"Ditec Minvu, Zonificación térmica por comuna (NCh1079), minvu.gob.cl/wp-content/uploads/2023/04/Zonas-Termicas-DITEC.pdf"
Ñuble,Diguillín,Bulnes,F,,,1,ninguna,"Ditec Minvu, Zonificación térmica por comuna (NCh1079), minvu.gob.cl/wp-content/uploads/2023/04/Zonas-Termicas-DITEC.pdf"
Ñuble,Diguillín,Chillán Viejo,F,,,1,ninguna,"Ditec Minvu, Zonificación térmica por comuna (NCh1079), minvu.gob.cl/wp-content/uploads/2023/04/Zonas-Termicas-DITEC.pdf"
Ñuble,Diguillín,El Carmen,F,,,1,ninguna,"Ditec Minvu, Zonificación térmica por comuna (NCh1079), minvu.gob.cl/wp-content/uploads/2023/04/Zonas-Termicas-DITEC.pdf"
Ñuble,Diguillín,Pemuco,F,,,1,ninguna,"Ditec Minvu, Zonificación térmica por comuna (NCh1079), minvu.gob.cl/wp-content/uploads/2023/04/Zonas-Termicas-DITEC.pdf"
Ñuble,Diguillín,Pinto,F,,< 1.000,2,altitud,"Ditec Minvu, Zonificación térmica por comuna (NCh1079), minvu.gob.cl/wp-content/uploads/2023/04/Zonas-Termicas-DITEC.pdf"
Ñuble,Diguillín,Pinto,H,,≥ 1.000,2,altitud,"Ditec Minvu, Zonificación térmica por comuna (NCh1079), minvu.gob.cl/wp-content/uploads/2023/04/Zonas-Termicas-DITEC.pdf"
Ñuble,Diguillín,Quillón,F,,,1,ninguna,"Ditec Minvu, Zonificación térmica por comuna (NCh1079), minvu.gob.cl/wp-content/uploads/2023/04/Zonas-Termicas-DITEC.pdf"
Ñuble,Diguillín,San Ignacio,F,,,1,ninguna,"Ditec Minvu, Zonificación térmica por comuna (NCh1079), minvu.gob.cl/wp-content/uploads/2023/04/Zonas-Termicas-DITEC.pdf"
Ñuble,Diguillín,Yungay,F,,< 1.000,2,altitud,"Ditec Minvu, Zonificación térmica por comuna (NCh1079), minvu.gob.cl/wp-content/uploads/2023/04/Zonas-Termicas-DITEC.pdf"
Ñuble,Diguillín,Yungay,H,,≥ 1.000,2,altitud,"Ditec Minvu, Zonificación térmica por comuna (NCh1079), minvu.gob.cl/wp-content/uploads/2023/04/Zonas-Termicas-DITEC.pdf"
Ñuble,Punilla,San Carlos,F,,,1,ninguna,"Ditec Minvu, Zonificación térmica por comuna (NCh1079), minvu.gob.cl/wp-content/uploads/2023/04/Zonas-Termicas-DITEC.pdf"
Ñuble,Punilla,Coihueco,F,,< 1.000,2,altitud,"Ditec Minvu, Zonificación térmica por comuna (NCh1079), minvu.gob.cl/wp-content/uploads/2023/04/Zonas-Termicas-DITEC.pdf"
Ñuble,Punilla,Coihueco,H,,≥ 1.000,2,altitud,"Ditec Minvu, Zonificación térmica por comuna (NCh1079), minvu.gob.cl/wp-content/uploads/2023/04/Zonas-Termicas-DITEC.pdf"
Ñuble,Punilla,Ñiquén,F,,,1,ninguna,"Ditec Minvu, Zonificación térmica por comuna (NCh1079), minvu.gob.cl/wp-content/uploads/2023/04/Zonas-Termicas-DITEC.pdf"
Ñuble,Punilla,San Fabián,F,,< 1.000,2,altitud,"Ditec Minvu, Zonificación térmica por comuna (NCh1079), minvu.gob.cl/wp-content/uploads/2023/04/Zonas-Termicas-DITEC.pdf"
Ñuble,Punilla,San Fabián,H,,≥ 1.000,2,altitud,"Ditec Minvu, Zonificación térmica por comuna (NCh1079), minvu.gob.cl/wp-content/uploads/2023/04/Zonas-Termicas-DITEC.pdf"
Ñuble,Punilla,San Nicolás,F,,,1,ninguna,"Ditec Minvu, Zonificación térmica por comuna (NCh1079), minvu.gob.cl/wp-content/uploads/2023/04/Zonas-Termicas-DITEC.pdf"
Ñuble,Itata,Quirihue,E,,,1,ninguna,"Ditec Minvu, Zonificación térmica por comuna (NCh1079), minvu.gob.cl/wp-content/uploads/2023/04/Zonas-Termicas-DITEC.pdf"
Ñuble,Itata,Cobquecura,E,,,1,ninguna,"Ditec Minvu, Zonificación térmica por comuna (NCh1079), minvu.gob.cl/wp-content/uploads/2023/04/Zonas-Termicas-DITEC.pdf"
Ñuble,Itata,Coelemu,E,,,1,ninguna,"Ditec Minvu, Zonificación térmica por comuna (NCh1079), minvu.gob.cl/wp-content/uploads/2023/04/Zonas-Termicas-DITEC.pdf"
Ñuble,Itata,Ninhue,F,,,1,ninguna,"Ditec Minvu, Zonificación térmica por comuna (NCh1079), minvu.gob.cl/wp-content/uploads/2023/04/Zonas-Termicas-DITEC.pdf"
Ñuble,Itata,Portezuelo,F,,,1,ninguna,"Ditec Minvu, Zonificación térmica por comuna (NCh1079), minvu.gob.cl/wp-content/uploads/2023/04/Zonas-Termicas-DITEC.pdf"
Ñuble,Itata,Ránquil,F,,,1,ninguna,"Ditec Minvu, Zonificación térmica por comuna (NCh1079), minvu.gob.cl/wp-content/uploads/2023/04/Zonas-Termicas-DITEC.pdf"
Ñuble,Itata,Treguaco,E,,,1,ninguna,"Ditec Minvu, Zonificación térmica por comuna (NCh1079), minvu.gob.cl/wp-content/uploads/2023/04/Zonas-Termicas-DITEC.pdf"
La Araucanía,Cautín,Temuco,F,,,1,ninguna,"Ditec Minvu, Zonificación térmica por comuna (NCh1079), minvu.gob.cl/wp-content/uploads/2023/04/Zonas-Termicas-DITEC.pdf"
La Araucanía,Cautín,Carahue,E,,,1,ninguna,"Ditec Minvu, Zonificación térmica por comuna (NCh1079), minvu.gob.cl/wp-content/uploads/2023/04/Zonas-Termicas-DITEC.pdf"
La Araucanía,Cautín,Cunco,F,,,1,ninguna,"Ditec Minvu, Zonificación térmica por comuna (NCh1079), minvu.gob.cl/wp-content/uploads/2023/04/Zonas-Termicas-DITEC.pdf"
La Araucanía,Cautín,Curarrehue,H,,,1,ninguna,"Ditec Minvu, Zonificación térmica por comuna (NCh1079), minvu.gob.cl/wp-content/uploads/2023/04/Zonas-Termicas-DITEC.pdf"
La Araucanía,Cautín,Freire,F,,,1,ninguna,"Ditec Minvu, Zonificación térmica por comuna (NCh1079), minvu.gob.cl/wp-content/uploads/2023/04/Zonas-Termicas-DITEC.pdf"
La Araucanía,Cautín,Galvarino,F,,,1,ninguna,"Ditec Minvu, Zonificación térmica por comuna (NCh1079), minvu.gob.cl/wp-content/uploads/2023/04/Zonas-Termicas-DITEC.pdf"
La Araucanía,Cautín,Gorbea,F,,,1,ninguna,"Ditec Minvu, Zonificación térmica por comuna (NCh1079), minvu.gob.cl/wp-content/uploads/2023/04/Zonas-Termicas-DITEC.pdf"
La Araucanía,Cautín,Lautaro,F,,,1,ninguna,"Ditec Minvu, Zonificación térmica por comuna (NCh1079), minvu.gob.cl/wp-content/uploads/2023/04/Zonas-Termicas-DITEC.pdf"
La Araucanía,Cautín,Loncoche,F,,,1,ninguna,"Ditec Minvu, Zonificación térmica por comuna (NCh1079), minvu.gob.cl/wp-content/uploads/2023/04/Zonas-Termicas-DITEC.pdf"
La Araucanía,Cautín,Melipeuco,H,,,1,ninguna,"Ditec Minvu, Zonificación térmica por comuna (NCh1079), minvu.gob.cl/wp-content/uploads/2023/04/Zonas-Termicas-DITEC.pdf"
La Araucanía,Cautín,Nueva Imperial,F,,,1,ninguna,"Ditec Minvu, Zonificación térmica por comuna (NCh1079), minvu.gob.cl/wp-content/uploads/2023/04/Zonas-Termicas-DITEC.pdf"
La Araucanía,Cautín,Padre Las Casas,F,,,1,ninguna,"Ditec Minvu, Zonificación térmica por comuna (NCh1079), minvu.gob.cl/wp-content/uploads/2023/04/Zonas-Termicas-DITEC.pdf"
La Araucanía,Cautín,Perquenco,F,,,1,ninguna,"Ditec Minvu, Zonificación térmica por comuna (NCh1079), minvu.gob.cl/wp-content/uploads/2023/04/Zonas-Termicas-DITEC.pdf"
La Araucanía,Cautín,Pitrufquén,F,,,1,ninguna,"Ditec Minvu, Zonificación térmica por comuna (NCh1079), minvu.gob.cl/wp-content/uploads/2023/04/Zonas-Termicas-DITEC.pdf"
La Araucanía,Cautín,Pucón,H,,,1,ninguna,"Ditec Minvu, Zonificación térmica por comuna (NCh1079), minvu.gob.cl/wp-content/uploads/2023/04/Zonas-Termicas-DITEC.pdf"
La Araucanía,Cautín,Saavedra,E,,,1,ninguna,"Ditec Minvu, Zonificación térmica por comuna (NCh1079), minvu.gob.cl/wp-content/uploads/2023/04/Zonas-Termicas-DITEC.pdf"
La Araucanía,Cautín,Teodoro Schmidt,E,,,1,ninguna,"Ditec Minvu, Zonificación térmica por comuna (NCh1079), minvu.gob.cl/wp-content/uploads/2023/04/Zonas-Termicas-DITEC.pdf"
La Araucanía,Cautín,Toltén,E,,,1,ninguna,"Ditec Minvu, Zonificación térmica por comuna (NCh1079), minvu.gob.cl/wp-content/uploads/2023/04/Zonas-Termicas-DITEC.pdf"
La Araucanía,Cautín,Vilcún,F,,,1,ninguna,"Ditec Minvu, Zonificación térmica por comuna (NCh1079), minvu.gob.cl/wp-content/uploads/2023/04/Zonas-Termicas-DITEC.pdf"
La Araucanía,Cautín,Villarrica,F,,,1,ninguna,"Ditec Minvu, Zonificación térmica por comuna (NCh1079), minvu.gob.cl/wp-content/uploads/2023/04/Zonas-Termicas-DITEC.pdf"
La Araucanía,Cautín,Cholchol,F,,,1,ninguna,"Ditec Minvu, Zonificación térmica por comuna (NCh1079), minvu.gob.cl/wp-content/uploads/2023/04/Zonas-Termicas-DITEC.pdf"
La Araucanía,Malleco,Angol,F,,,1,ninguna,"Ditec Minvu, Zonificación térmica por comuna (NCh1079), minvu.gob.cl/wp-content/uploads/2023/04/Zonas-Termicas-DITEC.pdf"
La Araucanía,Malleco,Collipulli,F,,,1,ninguna,"Ditec Minvu, Zonificación térmica por comuna (NCh1079), minvu.gob.cl/wp-content/uploads/2023/04/Zonas-Termicas-DITEC.pdf"
La Araucanía,Malleco,Curacautín,F,,,1,ninguna,"Ditec Minvu, Zonificación térmica por comuna (NCh1079), minvu.gob.cl/wp-content/uploads/2023/04/Zonas-Termicas-DITEC.pdf"
La Araucanía,Malleco,Ercilla,F,,,1,ninguna,"Ditec Minvu, Zonificación térmica por comuna (NCh1079), minvu.gob.cl/wp-content/uploads/2023/04/Zonas-Termicas-DITEC.pdf"
La Araucanía,Malleco,Lonquimay,H,,,1,ninguna,"Ditec Minvu, Zonificación térmica por comuna (NCh1079), minvu.gob.cl/wp-content/uploads/2023/04/Zonas-Termicas-DITEC.pdf"
La Araucanía,Malleco,Los Sauces,F,,,1,ninguna,"Ditec Minvu, Zonificación térmica por comuna (NCh1079), minvu.gob.cl/wp-content/uploads/2023/04/Zonas-Termicas-DITEC.pdf"
La Araucanía,Malleco,Lumaco,F,,,1,ninguna,"Ditec Minvu, Zonificación térmica por comuna (NCh1079), minvu.gob.cl/wp-content/uploads/2023/04/Zonas-Termicas-DITEC.pdf"
La Araucanía,Malleco,Purén,F,,,1,ninguna,"Ditec Minvu, Zonificación térmica por comuna (NCh1079), minvu.gob.cl/wp-content/uploads/2023/04/Zonas-Termicas-DITEC.pdf"
La Araucanía,Malleco,Renaico,F,,,1,ninguna,"Ditec Minvu, Zonificación térmica por comuna (NCh1079), minvu.gob.cl/wp-content/uploads/2023/04/Zonas-Termicas-DITEC.pdf"
La Araucanía,Malleco,Traiguén,F,,,1,ninguna,"Ditec Minvu, Zonificación térmica por comuna (NCh1079), minvu.gob.cl/wp-content/uploads/2023/04/Zonas-Termicas-DITEC.pdf"
La Araucanía,Malleco,Victoria,F,,,1,ninguna,"Ditec Minvu, Zonificación térmica por comuna (NCh1079), minvu.gob.cl/wp-content/uploads/2023/04/Zonas-Termicas-DITEC.pdf"
Los Ríos,Valdivia,Valdivia,G,,,1,ninguna,"Ditec Minvu, Zonificación térmica por comuna (NCh1079), minvu.gob.cl/wp-content/uploads/2023/04/Zonas-Termicas-DITEC.pdf"
Los Ríos,Valdivia,Corral,G,,,1,ninguna,"Ditec Minvu, Zonificación térmica por comuna (NCh1079), minvu.gob.cl/wp-content/uploads/2023/04/Zonas-Termicas-DITEC.pdf"
Los Ríos,Ranco,Futrono,F,,,1,ninguna,"Ditec Minvu, Zonificación térmica por comuna (NCh1079), minvu.gob.cl/wp-content/uploads/2023/04/Zonas-Termicas-DITEC.pdf"
Los Ríos,Ranco,La Unión,G,> 73°15',,2,meridiano,"Ditec Minvu, Zonificación térmica por comuna (NCh1079), minvu.gob.cl/wp-content/uploads/2023/04/Zonas-Termicas-DITEC.pdf"
Los Ríos,Ranco,La Unión,F,≤ 73°15',,2,meridiano,"Ditec Minvu, Zonificación térmica por comuna (NCh1079), minvu.gob.cl/wp-content/uploads/2023/04/Zonas-Termicas-DITEC.pdf"
Los Ríos,Ranco,Lago Ranco,F,,,1,ninguna,"Ditec Minvu, Zonificación térmica por comuna (NCh1079), minvu.gob.cl/wp-content/uploads/2023/04/Zonas-Termicas-DITEC.pdf"
Los Ríos,Valdivia,Lanco,F,,,1,ninguna,"Ditec Minvu, Zonificación térmica por comuna (NCh1079), minvu.gob.cl/wp-content/uploads/2023/04/Zonas-Termicas-DITEC.pdf"
Los Ríos,Valdivia,Los Lagos,F,,,1,ninguna,"Ditec Minvu, Zonificación térmica por comuna (NCh1079), minvu.gob.cl/wp-content/uploads/2023/04/Zonas-Termicas-DITEC.pdf"
Los Ríos,Valdivia,Máfil,G,,,1,ninguna,"Ditec Minvu, Zonificación térmica por comuna (NCh1079), minvu.gob.cl/wp-content/uploads/2023/04/Zonas-Termicas-DITEC.pdf"
Los Ríos,Valdivia,Mariquina,G,,,1,ninguna,"Ditec Minvu, Zonificación térmica por comuna (NCh1079), minvu.gob.cl/wp-content/uploads/2023/04/Zonas-Termicas-DITEC.pdf"
Los Ríos,Valdivia,Paillaco,F,,,1,ninguna,"Ditec Minvu, Zonificación térmica por comuna (NCh1079), minvu.gob.cl/wp-content/uploads/2023/04/Zonas-Termicas-DITEC.pdf"
Los Ríos,Valdivia,Panguipulli,F,,,1,ninguna,"Ditec Minvu, Zonificación térmica por comuna (NCh1079), minvu.gob.cl/wp-content/uploads/2023/04/Zonas-Termicas-DITEC.pdf"
Los Ríos,Ranco,Río Bueno,F,,,1,ninguna,"Ditec Minvu, Zonificación térmica por comuna (NCh1079), minvu.gob.cl/wp-content/uploads/2023/04/Zonas-Termicas-DITEC.pdf"
Los Lagos,Llanquihue,Puerto Montt,G,,,1,ninguna,"Ditec Minvu, Zonificación térmica por comuna (NCh1079), minvu.gob.cl/wp-content/uploads/2023/04/Zonas-Termicas-DITEC.pdf"
Los Lagos,Llanquihue,Calbuco,G,,,1,ninguna,"Ditec Minvu, Zonificación térmica por comuna (NCh1079), minvu.gob.cl/wp-content/uploads/2023/04/Zonas-Termicas-DITEC.pdf"
Los Lagos,Llanquihue,Cochamó,G,,,1,ninguna,"Ditec Minvu, Zonificación térmica por comuna (NCh1079), minvu.gob.cl/wp-content/uploads/2023/04/Zonas-Termicas-DITEC.pdf"
Los Lagos,Llanquihue,Fresia,G,,,1,ninguna,"Ditec Minvu, Zonificación térmica por comuna (NCh1079), minvu.gob.cl/wp-content/uploads/2023/04/Zonas-Termicas-DITEC.pdf"
Los Lagos,Llanquihue,Frutillar,G,,,1,ninguna,"Ditec Minvu, Zonificación térmica por comuna (NCh1079), minvu.gob.cl/wp-content/uploads/2023/04/Zonas-Termicas-DITEC.pdf"
Los Lagos,Llanquihue,Los Muermos,G,,,1,ninguna,"Ditec Minvu, Zonificación térmica por comuna (NCh1079), minvu.gob.cl/wp-content/uploads/2023/04/Zonas-Termicas-DITEC.pdf"
Los Lagos,Llanquihue,Llanquihue,G,,,1,ninguna,"Ditec Minvu, Zonificación térmica por comuna (NCh1079), minvu.gob.cl/wp-content/uploads/2023/04/Zonas-Termicas-DITEC.pdf"
Los Lagos,Llanquihue,Maullín,G,,,1,ninguna,"Ditec Minvu, Zonificación térmica por comuna (NCh1079), minvu.gob.cl/wp-content/uploads/2023/04/Zonas-Termicas-DITEC.pdf"
Los Lagos,Llanquihue,Puerto Varas,G,,,1,ninguna,"Ditec Minvu, Zonificación térmica por comuna (NCh1079), minvu.gob.cl/wp-content/uploads/2023/04/Zonas-Termicas-DITEC.pdf"
Los Lagos,Chiloé,Castro,G,,,1,ninguna,"Ditec Minvu, Zonificación térmica por comuna (NCh1079), minvu.gob.cl/wp-content/uploads/2023/04/Zonas-Termicas-DITEC.pdf"
Los Lagos,Chiloé,Ancud,G,,,1,ninguna,"Ditec Minvu, Zonificación térmica por comuna (NCh1079), minvu.gob.cl/wp-content/uploads/2023/04/Zonas-Termicas-DITEC.pdf"
Los Lagos,Chiloé,Chonchi,G,,,1,ninguna,"Ditec Minvu, Zonificación térmica por comuna (NCh1079), minvu.gob.cl/wp-content/uploads/2023/04/Zonas-Termicas-DITEC.pdf"
Los Lagos,Chiloé,Curaco de Vélez,G,,,1,ninguna,"Ditec Minvu, Zonificación térmica por comuna (NCh1079), minvu.gob.cl/wp-content/uploads/2023/04/Zonas-Termicas-DITEC.pdf"
Los Lagos,Chiloé,Dalcahue,G,,,1,ninguna,"Ditec Minvu, Zonificación térmica por comuna (NCh1079), minvu.gob.cl/wp-content/uploads/2023/04/Zonas-Termicas-DITEC.pdf"
Los Lagos,Chiloé,Puqueldón,G,,,1,ninguna,"Ditec Minvu, Zonificación térmica por comuna (NCh1079), minvu.gob.cl/wp-content/uploads/2023/04/Zonas-Termicas-DITEC.pdf"
Los Lagos,Chiloé,Queilén,G,,,1,ninguna,"Ditec Minvu, Zonificación térmica por comuna (NCh1079), minvu.gob.cl/wp-content/uploads/2023/04/Zonas-Termicas-DITEC.pdf"
Los Lagos,Chiloé,Quellón,G,,,1,ninguna,"Ditec Minvu, Zonificación térmica por comuna (NCh1079), minvu.gob.cl/wp-content/uploads/2023/04/Zonas-Termicas-DITEC.pdf"
Los Lagos,Chiloé,Quemchi,G,,,1,ninguna,"Ditec Minvu, Zonificación térmica por comuna (NCh1079), minvu.gob.cl/wp-content/uploads/2023/04/Zonas-Termicas-DITEC.pdf"
Los Lagos,Chiloé,Quinchao,G,,,1,ninguna,"Ditec Minvu, Zonificación térmica por comuna (NCh1079), minvu.gob.cl/wp-content/uploads/2023/04/Zonas-Termicas-DITEC.pdf"
Los Lagos,Osorno,Osorno,G,,,1,ninguna,"Ditec Minvu, Zonificación térmica por comuna (NCh1079), minvu.gob.cl/wp-content/uploads/2023/04/Zonas-Termicas-DITEC.pdf"
Los Lagos,Osorno,Puerto Octay,G,,,1,ninguna,"Ditec Minvu, Zonificación térmica por comuna (NCh1079), minvu.gob.cl/wp-content/uploads/2023/04/Zonas-Termicas-DITEC.pdf"
Los Lagos,Osorno,Purranque,G,,,1,ninguna,"Ditec Minvu, Zonificación térmica por comuna (NCh1079), minvu.gob.cl/wp-content/uploads/2023/04/Zonas-Termicas-DITEC.pdf"
Los Lagos,Osorno,Puyehue,G,,,1,ninguna,"Ditec Minvu, Zonificación térmica por comuna (NCh1079), minvu.gob.cl/wp-content/uploads/2023/04/Zonas-Termicas-DITEC.pdf"
Los Lagos,Osorno,Río Negro,G,,,1,ninguna,"Ditec Minvu, Zonificación térmica por comuna (NCh1079), minvu.gob.cl/wp-content/uploads/2023/04/Zonas-Termicas-DITEC.pdf"
Los Lagos,Osorno,San Juan de la Costa,G,,,1,ninguna,"Ditec Minvu, Zonificación térmica por comuna (NCh1079), minvu.gob.cl/wp-content/uploads/2023/04/Zonas-Termicas-DITEC.pdf"
Los Lagos,Osorno,San Pablo,G,,,1,ninguna,"Ditec Minvu, Zonificación térmica por comuna (NCh1079), minvu.gob.cl/wp-content/uploads/2023/04/Zonas-Termicas-DITEC.pdf"
Los Lagos,Palena,Chaitén,G,,,1,ninguna,"Ditec Minvu, Zonificación térmica por comuna (NCh1079), minvu.gob.cl/wp-content/uploads/2023/04/Zonas-Termicas-DITEC.pdf"
Los Lagos,Palena,Futaleufú,I,,,1,ninguna,"Ditec Minvu, Zonificación térmica por comuna (NCh1079), minvu.gob.cl/wp-content/uploads/2023/04/Zonas-Termicas-DITEC.pdf"
Los Lagos,Palena,Hualaihué,G,,,1,ninguna,"Ditec Minvu, Zonificación térmica por comuna (NCh1079), minvu.gob.cl/wp-content/uploads/2023/04/Zonas-Termicas-DITEC.pdf"
Los Lagos,Palena,Palena,I,,,1,ninguna,"Ditec Minvu, Zonificación térmica por comuna (NCh1079), minvu.gob.cl/wp-content/uploads/2023/04/Zonas-Termicas-DITEC.pdf"
Aysén,Coyhaique,Coihaique,I,,,1,ninguna,"Ditec Minvu, Zonificación térmica por comuna (NCh1079), minvu.gob.cl/wp-content/uploads/2023/04/Zonas-Termicas-DITEC.pdf"
Aysén,Coyhaique,Lago Verde,I,,,1,ninguna,"Ditec Minvu, Zonificación térmica por comuna (NCh1079), minvu.gob.cl/wp-content/uploads/2023/04/Zonas-Termicas-DITEC.pdf"
Aysén,Aisén,Aisén,I,,,1,ninguna,"Ditec Minvu, Zonificación térmica por comuna (NCh1079), minvu.gob.cl/wp-content/uploads/2023/04/Zonas-Termicas-DITEC.pdf"
Aysén,Aisén,Cisnes,I,,,1,ninguna,"Ditec Minvu, Zonificación térmica por comuna (NCh1079), minvu.gob.cl/wp-content/uploads/2023/04/Zonas-Termicas-DITEC.pdf"
Aysén,Aisén,Guaitecas,I,,,1,ninguna,"Ditec Minvu, Zonificación térmica por comuna (NCh1079), minvu.gob.cl/wp-content/uploads/2023/04/Zonas-Termicas-DITEC.pdf"
Aysén,Capitán Prat,Cochrane,I,,,1,ninguna,"Ditec Minvu, Zonificación térmica por comuna (NCh1079), minvu.gob.cl/wp-content/uploads/2023/04/Zonas-Termicas-DITEC.pdf"
Aysén,Capitán Prat,O'Higgins,I,,,1,ninguna,"Ditec Minvu, Zonificación térmica por comuna (NCh1079), minvu.gob.cl/wp-content/uploads/2023/04/Zonas-Termicas-DITEC.pdf"
Aysén,Capitán Prat,Tortel,I,,,1,ninguna,"Ditec Minvu, Zonificación térmica por comuna (NCh1079), minvu.gob.cl/wp-content/uploads/2023/04/Zonas-Termicas-DITEC.pdf"
Aysén,General Carrera,Chile Chico,I,,,1,ninguna,"Ditec Minvu, Zonificación térmica por comuna (NCh1079), minvu.gob.cl/wp-content/uploads/2023/04/Zonas-Termicas-DITEC.pdf"
Aysén,General Carrera,Río Ibáñez,I,,,1,ninguna,"Ditec Minvu, Zonificación térmica por comuna (NCh1079), minvu.gob.cl/wp-content/uploads/2023/04/Zonas-Termicas-DITEC.pdf"
Magallanes,Magallanes,Punta Arenas,I,,,1,ninguna,"Ditec Minvu, Zonificación térmica por comuna (NCh1079), minvu.gob.cl/wp-content/uploads/2023/04/Zonas-Termicas-DITEC.pdf"
Magallanes,Magallanes,Laguna Blanca,I,,,1,ninguna,"Ditec Minvu, Zonificación térmica por comuna (NCh1079), minvu.gob.cl/wp-content/uploads/2023/04/Zonas-Termicas-DITEC.pdf"
Magallanes,Magallanes,Río Verde,I,,,1,ninguna,"Ditec Minvu, Zonificación térmica por comuna (NCh1079), minvu.gob.cl/wp-content/uploads/2023/04/Zonas-Termicas-DITEC.pdf"
Magallanes,Magallanes,San Gregorio,I,,,1,ninguna,"Ditec Minvu, Zonificación térmica por comuna (NCh1079), minvu.gob.cl/wp-content/uploads/2023/04/Zonas-Termicas-DITEC.pdf"
Magallanes,Antártica Chilena,Cabo de Hornos,I,,,1,ninguna,"Ditec Minvu, Zonificación térmica por comuna (NCh1079), minvu.gob.cl/wp-content/uploads/2023/04/Zonas-Termicas-DITEC.pdf"
Magallanes,Tierra del Fuego,Porvenir,I,,,1,ninguna,"Ditec Minvu, Zonificación térmica por comuna (NCh1079), minvu.gob.cl/wp-content/uploads/2023/04/Zonas-Termicas-DITEC.pdf"
Magallanes,Tierra del Fuego,Primavera,I,,,1,ninguna,"Ditec Minvu, Zonificación térmica por comuna (NCh1079), minvu.gob.cl/wp-content/uploads/2023/04/Zonas-Termicas-DITEC.pdf"
Magallanes,Tierra del Fuego,Timaukel,I,,,1,ninguna,"Ditec Minvu, Zonificación térmica por comuna (NCh1079), minvu.gob.cl/wp-content/uploads/2023/04/Zonas-Termicas-DITEC.pdf"
Magallanes,Última Esperanza,Natales,I,,,1,ninguna,"Ditec Minvu, Zonificación térmica por comuna (NCh1079), minvu.gob.cl/wp-content/uploads/2023/04/Zonas-Termicas-DITEC.pdf"
Magallanes,Última Esperanza,Torres del Paine,I,,,1,ninguna,"Ditec Minvu, Zonificación térmica por comuna (NCh1079), minvu.gob.cl/wp-content/uploads/2023/04/Zonas-Termicas-DITEC.pdf"
